NIM,Nama,Angkatan,Nomor WA,Pembimbing 1,Pembimbing 2,Penguji 1,Penguji 2,Status TA,Target,Dokumen Pendukung,07 - 11 September 26,14 - 18 September 26,21 - 25 September 26,28 - 02 Oktober 26
120450062,Queena Aurora Batubara,2020,‪6288219758365‬,"Christyan Tamaro Nadeak, S.Si., M.Si.","Luluk Muthoharoh, S.Si., M.Si.","Tirta Setiawan, S.Pd., M.Si.",,,Semhas Mei,,"Progres : ACC Semhas 11 September
Next : Revisi Seminar Hasil",,,
120450019,KHOLISATURROHMAH,2020,6285279852167,"M. Syamsuddin Wisnubroto, S.Si., M.Si.","Linda Rassiyanti, S.Si., M.Si.",,,,Masih Kuliah,KHOLISATURROHMAH,,,,
120450004,Alem Ardemi,2020,‪6285817743940‬,"Christyan Tamaro Nadeak, S.Si., M.Si.","Tirta Setiawan, S.Pd., M.Si.",,,,Belum Sempro,,"Next : Proposal sudah ACC, daftar sempro.
Next : sudah ada tanggal sempronya",,,
120450022,FIKRI DWI ALPIAN,2020,‪6282388137794‬,"Luluk Muthoharoh, S.Si., M.Si.","Mika Alvionita S, S.Si., M.Si.","Christyan Tamaro Nadeak, S.Si., M.Si.",,,Belum Semhas,,"Progres : Bimbingan ke P2
Next : ACC dari P2 dan Penguji",,Daftar Semhas,
120450007,NADHEA ALLYA MAHARANI,2020,6282282465445,"Christyan Tamaro Nadeak, S.Si., M.Si.","Tirta Setiawan, S.Pd., M.Si.","Yuliana, S.Pd., M.Cs.",,,Mau Semhas Mei,,"Progres : Cari tanggal + daftar
Next : -",Semhas,,
120450102,CORNEL SILAEN,2020,‪6282278660066‬,"Tirta Setiawan, S.Pd., M.Si.","Luluk Muthoharoh, S.Si., M.Si.","Mika Alvionita S, S.Si., M.Si.",,,baru Sempro,,"Progres : Perbaikan Draft Semhas
Next : Selesai draft Semhas, daftar semhas",Daftar Semhas,,
120450030,WISNU WASIS SAPUTRA,2020,6282282728836,"Luluk Muthoharoh, S.Si., M.Si.","Tirta Setiawan, S.Pd., M.Si.","Mika Alvionita S, S.Si., M.Si.",,,Baru Sempro,https://drive.google.com/file/d/14QH5GOOrAKoUZ3xD67rYlKpDzF6eZwPv/view?usp=drive_link,,,,
120450018,GREGORIUS GAMA ABI SURYA,2020,6282278062695,"Tirta Setiawan, S.Pd., M.Si.","Mika Alvionita S, S.Si., M.Si.","Ira Safitri, S.Si., M.Si., M.Sc.",,,Sudah Sempro,Sakit Hemofilia,"Progres : Coding dan Nulis 50%
Next : Finalisasi Coding",,Next : Semhas,
120450017,Marhanny Zahra Nurendra,2020,,"Tirta Setiawan, S.Pd., M.Si.","Luluk Muthoharoh, S.Si., M.Si.","Mika Alvionita S, S.Si., M.Si.",,,Baru Sempro Desember 2024,,,,,
121450007,DEDE MASITA,2020,6282285469795,"Ahmad Luky Ramdani, S.Komp., M.Kom.","Fajri Farid, S.Si., M.Sc.","Luluk Muthoharoh, S.Si., M.Si.",,,Sudah Sempro,,"Progres : Revisi ke Pak Luky, Coding Selesai, Bab 1-3 kurang sempurna
Next : Pelajari Teori atau Isi TA belum Paham",,,
121450014,GEDE MOENA,2020,‪6281291786941‬,"Christyan Tamaro Nadeak, S.Si., M.Si.","Yuliana, S.Pd., M.Cs.","Ahmad Luky Ramdani, S.Komp., M.Kom.",,,Sudah Sempro,,"Progres : Sempro terakhir di januari, sudah bimbingan dengan pak tamaro sudah 5 kali, 2 kali bimbingan lagi akan ke pembimbing 2 
Next : Semhas (bulan oktober)",,,
121450020,MARSHANDA PUTRI PRASETYA,2020,6287727746595,"Tirta Setiawan, S.Pd., M.Si.","Yuliana, S.Pd., M.Cs.",,,,Belum Sempro,,"Progres : 14 Sempro
Next : BAP Revisi Sempro",,,
121450030,Pramudya Wibowo,2020,‪6285764173923‬,,,,,,Belum Sempro,,"Progres : jumlah SKS saat ini : 124 SKS, rencana mengambil mata kuliah TA di semester 12, 
Next : -",,,
121450045,Muhammad Rendy Saputra,2020,,,,,,,Belum Sempro,,,,,
121450047,LION ABDI MARGA,2020,6281380971759,"Ade Lailani, S.Si., M.Si.","Dimas Dwi Randa, S.Kom., M.Kom.",,,,Belum Sempro,,"Progres : mhs nya malas bimbingan, sudah ketemu P1 menentukan topik, 
Next : ada draft proposal",,,
121450048,MUHAMMAD HANIF FAROS,2020,6281532924363,,,,,,Belum Sempro,,,,,
121450050,PUTRI MAULIDA CHAIRANI,2020,6281365849847,"Luluk Muthoharoh, S.Si., M.Si.","Ira Safitri, S.Si., M.Si., M.Sc.",,,,Belum Sempro,,"Progress : Draft nya sudah selesai sampai bab 2
Next : Sempro, (rencana sebelum UTS)",,,
121450054,NADIA SILVANI,2020,6289507959327,"Luluk Muthoharoh, S.Si., M.Si.","Linda Rassiyanti, S.Si., M.Si.","Ira Safitri, S.Si., M.Si., M.Sc.",,,Sudah Sempro,,"Progres : Coding, Penulisan
Next : Laporan Penulisan",,,
121450062,Erwan Arief,2020,6282340189456,"M. Syamsuddin Wisnubroto, S.Si., M.Si.","Dewi Indra Setiawan, S.Si., M.Si.",,,,Belum Sempro,,"Progress: Mencari referensi Judul, 
Next : Ketemu dengan Pembimbing 1",,,
121450072,CATHERINE FIRDHASARI MAULINA SINAGA,2020,6283838396646,"Christyan Tamaro Nadeak, S.Si., M.Si.","Ade Lailani, S.Si., M.Si.","Luluk Muthoharoh, S.Si., M.Si.",,,Sudah Sempro,,"Progres : Acc terakhir 
Next : Daftar SemHas kepastian tanggal",,,
121450079,Dwi Sulistiani,2020,6287751401946,"Tirta Setiawan, S.Pd., M.Si.","Dimas Dwi Randa, S.Kom., M.Kom.",,,,Belum Sempro,,,,,
121450080,YUNAENA MAR`ATUL KIROM,2020,6285658777828,"Febri Dwi Irawati, S.Si., M.Si.","Rohmi Dyah Astuti, S.Si., M.Cs.","Mika Alvionita S, S.Si., M.Si.",,,Sudah Sempro,,"Progres : Menyelesaikan codingan, yang sebelumnya hasil evaluasi masih kurang baik dan sekarang sedang mencoba memperbaiki data dan untuk hasilnya sudah lebih baik dari minggu lalu namun masih ingin dilakukan beberapa kali percobaan lagi agar mendapatkan hasil yang jauh lebih baik, untuk penulisan nya sendiri dibab 4 sudah menyicil juga bagian awalnya
Next : Menyelesaikan codingan, target minggu depan selesai untuk penulisan dan mendaftar semhas",,,
121450097,AFIFAH SYAHARANI,2020,6287797092305,"Luluk Muthoharoh, S.Si., M.Si.","Lita Lianti, S.T., M.Sc.",,,,Belum Sempro,,,,,
121450100,HELMA LIA PUTRI,2020,6285841872118,"Christyan Tamaro Nadeak, S.Si., M.Si.","Rohmi Dyah Astuti, S.Si., M.Cs.","Yuliana, S.Pd., M.Cs.",,,Sudah Sempro,,"Progres : BAB 4, Coding Selesai
Next : Bimbingan Finalisasi 2x Pertemuan Lagi",,,
121450103,AUDREY RIBKA DESMONDA MANIHURUK,2020,6287888748895,"Mika Alvionita S, S.Si., M.Si.","Yuliana, S.Pd., M.Cs.","Linda Rassiyanti, S.Si., M.Si.",,,Sudah Sempro,,"Progres : Penyelesaian BAB 4, tinggal ke P2
Next : Selesaikan ke P1 dan P2",,,
121450116,PUTRI DURROTUL SHOPIA,2020,6281368355209,"Yuliana, S.Pd., M.Cs.","Fitri Nurjanah, S.Si., M.Mat.",,,,Belum Sempro,,"Progress : Proposal sudah selesai, tapi ada revisi, 
Next : Sempro (bulan september )",,,
121450126,KIWIT NOVITASARI,2020,6281373938153,"M. Syamsuddin Wisnubroto, S.Si., M.Si.","Rian Kurnia, S.Si., M.Si.",,,,Belum Sempro,,"Progres : Sudah daftar Sempro
Next : Seminar Proposal 14 Sept","Progres : SemPro 14
Next : Revisi Sempro",,
121450136,ADISTY SYAWALDA ARIYANTO,2020,‪6282377198091‬,"Ade Lailani, S.Si., M.Si.","Yusni Puspha Lestari, S.T., M.Si.",,,,Belum Sempro,,"Progres : Kuliah 2 SKS, P1 selesai, P2 progres
Next : Finalisasi ke P2","Progres : Selesai Perbaikan Penulisan di BAB 1 & 2
Next : Perbaikan Penulisan di BAB 2 & 3",,
121450138,LIA ALYANI,2020,6282282095607,"Ira Safitri, S.Si., M.Si., M.Sc.","Yustida Bellini, S.Kom., M.Kom.",,,,Belum Sempro,,"Progress : Draft nya sudah sampai bab 3 , mau ketemu dosen P2
Next : Sempro (bulan Septemaber)",,,
121450140,IMA ALIFAH IZATI ZALFA,2020,,"Christyan Tamaro Nadeak, S.Si., M.Si.","Fajri Farid, S.Si., M.Sc.",,,,Belum Sempro,,"Progres : Penambahan detail dokumen Sempro
Next : Hasil ke P1 dan Ke P2",,,
121450145,MAYADA,2020,6285171580308,"Yuliana, S.Pd., M.Cs.","Ahmad Luky Ramdani, S.Komp., M.Kom.",,,,Belum Sempro,,"Progres : Kuliah 17 SKS
Next : Bimbingan SemPro",,,
121450152,LULU CHRISTIN SIHOMBING,2020,6282273474588,"Christyan Tamaro Nadeak, S.Si., M.Si.","Tirta Setiawan, S.Pd., M.Si.","M. Syamsuddin Wisnubroto, S.Si., M.Si.",,,Sudah Sempro,,"Progres : BAP Sempro dan Progres Coding ke P1
Next : BAP Sempro Selesai dan fokus ke P1 dan P2",,,
121450161,JIHAN PUTRI YANI,2020,‪6282183021387‬,,,,,,Belum Sempro,,"Progres : Kuliah 20 SKS
Next : -","Progres : Kuliah 20 SKS
Next : -","Progres : Kuliah 20 SKS
Next : -","Progres : Kuliah 20 SKS
Next : -"
122450003,KARTINI LOVIAN SIMBOLON,2020,6281285256067,"M. Syamsuddin Wisnubroto, S.Si., M.Si.","Indah Suciati, S.Mat., M.Mat.","Linda Rassiyanti, S.Si., M.Si.",,,Sudah Sempro,,"Progres: Sempro bulan Juli, kendala di model karena kurang bagus, sudah bimbingan dengan Pbb 1 kali, BAP masih ke Pbb 1, belum mulai nulis
Next: Bimbingan ke Pbb 1 terkait model dan BAP ke Pbb 2 dan Penguji",,,
122450005,ASA DOA UYI,2020,6282279096323,"Linda Rassiyanti, S.Si., M.Si.","Indah Suciati, S.Mat., M.Mat.",,,,Belum Sempro,,"Progres: data sudah di acc (ada pergantian data), finalisasi BAB 1,  bimbingan denga pbbb 1 >6 kali
Next: bimbingan untuk penulisan bab 1 dan 2","Progres : Telah bimbingan ke dosen pembimbing 1
Next :",,
122450006,SITI NUR AARIFAH,2020,6288286496048,"M. Syamsuddin Wisnubroto, S.Si., M.Si.","Dewi Indra Setiawan, S.Si., M.Si.","Linda Rassiyanti, S.Si., M.Si.",,,Sudah Sempro,,"Progres : Revisi dengan pembimbing 2
Next : Selesaikan dengan pembimbing 2","Progres : Daftar Semhas
Next : Seminat Hasil",,
122450007,MUHAMMAD BAYU SYUHADA,2020,6282175436344,"Yuliana, S.Pd., M.Cs.","Fajri Farid, S.Si., M.Sc.",,,,Belum Sempro,,"Progres : Finalisasi Metode
Next : Sudah Final Data dan Metode",,,
122450008,DWI RATNA ANGGRAENI,2020,6282375754362,"Mika Alvionita S, S.Si., M.Si.","Yustida Bellini, S.Kom., M.Kom.","Linda Rassiyanti, S.Si., M.Si.",,,Sudah Sempro,,"Progres : Finalisasi coding, hampir selesai bab 4
Next : BAP Sempro dan finalisasi BAB 4",,,
122450010,KHOIRUL MIZAN ABDULLAH,2020,6285174120640,"Ade Lailani, S.Si., M.Si.","Indah Suciati, S.Mat., M.Mat.","Yuliana, S.Pd., M.Cs.",,,Sudah Sempro,,"Progres : dataset masih banyak yg korupt, solusi data menggunakan sedikit,  komputasi menggunakan collab memakan waktu yang lama beralih ke kaglle, hasil training tidak ada, BAP fiksasi, baru 1 kali bimbingan
Next: fokus ke BAP dan Pbb 1, nyoba komputasi ke lab",,,
122450011,MEIRA LISTYANINGRUM,2020,6283172664109,"Yuliana, S.Pd., M.Cs.","Rian Kurnia, S.Si., M.Si.",,,,Belum Sempro,,"Progres: revisi bab 1-3 ke Pbb 1, bimbingan sudah 7 kali (Pbb1) 
Next: Bimbingan revisi bab 1-3",,,
122450015,JACLIN ALCAVELLA,2020,6281440002147,"Mika Alvionita S, S.Si., M.Si.","Yoga Aji Sukma, S.Mat., M.Stat.","M. Syamsuddin Wisnubroto, S.Si., M.Si.",,,Sudah Sempro,,"Progres : Sudah acc untuk semhas ke pembimbing
Next : Daftar Semhas",,,
122450016,KEMAS VERIANDRA RAMADHAN,2020,6281311297969,"Ira Safitri, S.Si., M.Si., M.Sc.","Ardika Satria, S.Si., M.Si.","Ahmad Luky Ramdani, S.Komp., M.Kom.",,,Sudah Sempro,,"Progres: BAP ke dosen pbb, kendala di data belum jelas untuk project Insecta, paling buruknya menggunakan data sintesis, belum bimbingan ke Pbb 1 dan Pbb 2 karena jadwal belum ketemu, sudah mulai nulis
Next : BAP dan konfirmasi data",,,
122450018,NAWWAF ABDURRAHMAN,2020,,"Ira Safitri, S.Si., M.Si., M.Sc.","Ardika Satria, S.Si., M.Si.","Yuliana, S.Pd., M.Cs.",,,Sudah Sempro,,,,,
122450021,LISA DIANI AMELIA,2020,6283862370500,"Ade Lailani, S.Si., M.Si.","Yusni Puspha Lestari, S.T., M.Si.",,,,Belum Sempro,,"Progres: Sempro tgl 22 September, fokus seminar, sudah mulai mengerjakan hasil, masih MK ada 3 MK yg diambil
Next: revisi draft setelah seminar",,,
122450023,CYNTIA KRISTINA SIDAURUK,2020,6283132034836,"M. Syamsuddin Wisnubroto, S.Si., M.Si.","Rohmi Dyah Astuti, S.Si., M.Cs.",,,,Belum Sempro,,"Progres : Hasil 
Next : -",,,
122450027,RAID MUHAMMAD NAUFAL,2020,628877325774,"M. Syamsuddin Wisnubroto, S.Si., M.Si.","Dr. Esa Prakasa, S.T., M.T.","Luluk Muthoharoh, S.Si., M.Si.",,,Sudah Sempro,,"Progres : Coding sudah selesai
Next : BAP Proposal selesai, finalisasi BAB 1,2,3",,,
122450028,UKASYAH MUNTAHA,2020,6285172181821,"Ade Lailani, S.Si., M.Si.","Ardika Satria, S.Si., M.Si.","Febri Dwi Irawati, S.Si., M.Si.",,,Sudah Sempro,,"Progres : Sudah daftar Semhas
Next : Semhas","Progres : Proses Semhas
Next : Hasil Revisi",,
122450029,NABIILAH PUTRI KARNAIA,2020,62895332186920,"Ade Lailani, S.Si., M.Si.","Dewi Indra Setiawan, S.Si., M.Si.",,,,Belum Sempro,,"Progres : Ganti topik dan finalisasi topik dan dataset
Next : Penulisan BAB 1,2,3",,,
122450030,RANI PUSPITA SARI,2020,,"Christyan Tamaro Nadeak, S.Si., M.Si.","M. Syamsuddin Wisnubroto, S.Si., M.Si.",,,,Belum Sempro,,,,,
122450033,ALLYA NURUL ISLAMI PASHA,2020,6282382245954,"Linda Rassiyanti, S.Si., M.Si.","Mika Alvionita S, S.Si., M.Si.",,,,Belum Sempro,Masih ada kuliah 19 SKS,"Progres : Belum bimbingan
Next : Bimbingan terkait jurnal",,,
122450034,KHAALISHAH ZUHRAH ALYAA VANEFI,2020,6281927981278,"Yuliana, S.Pd., M.Cs.","Ade Lailani, S.Si., M.Si.","Christyan Tamaro Nadeak, S.Si., M.Si.",,,Sudah Sempro,,"Progres : Penyelesaian code dan penulisan
Next : Penulisan BAB 4 selesai dan review coding",,,
122450037,NAJLA JUWAIRIA,2020,6282267499265,"Ade Lailani, S.Si., M.Si.","Yuliana, S.Pd., M.Cs.",,,,Belum Sempro,,"Progres: fiksasi topik, data, dan metode, penulisan bab 1, bimbingan sudah 3 kali ke Pbb 1, bulan lalu laptop rusak sekarang aman, kendala ganti topik sebelumnya
Next: Bimbingan pengumpulan draft kasar 1-3",,,
122450039,KHOIRUL ANAM,2020,6289632152848,"Linda Rassiyanti, S.Si., M.Si.","M. Syamsuddin Wisnubroto, S.Si., M.Si.",,,,Belum Sempro,11 SKS,"Progres :  Penulisan BAB 1 dan finalisasi coding
Next : Penulisan untuk Sempro + ujicoba coding",,,
122450040,TESSA KANIA SAGALA,2020,6283837934118,"Linda Rassiyanti, S.Si., M.Si.","Vina Nurmadani, S.Mat., M.Si.","Mika Alvionita S, S.Si., M.Si.",,,Sudah Sempro,,"Progres : Mengurus SemHas
Next : Daftar by sistem semhas",,Progres : Pelaksanaan Semhas,
122450041,OKTAVIA NURWINDA PUSPITASARI,2020,628981871042,"Linda Rassiyanti, S.Si., M.Si.","Mika Alvionita S, S.Si., M.Si.",,,,Belum Sempro,,"Progres: masih ada 3 MK yg harus diambil karena IPK belum memenuhi, Pbb 1 sudah > 6 pada smt sebelumnya, Pbb 2 baru 2 kali bimbingan, pemahaman materi, proposal masih revisi
Next: Menjelaskan terkait rumus dan revisi Bab 2 ke Pbb 2",,,
122450042,ABIT AHMAD OKTARIAN,2020,6289602607885,"Ade Lailani, S.Si., M.Si.","Yoga Aji Sukma, S.Mat., M.Stat.",,,,Belum Sempro,,"Progres : Penyusunan Draft Sempro tinggal hasil sementara
Next : Daftar Sempro",,,
122450044,AHMAD SAHIDIN AKBAR,2020,6282281808595,"Ade Lailani, S.Si., M.Si.","Rian Kurnia, S.Si., M.Si.","Ira Safitri, S.Si., M.Si., M.Sc.",,,Sudah Sempro,,"Progres : BAP Selesai
Next : Laporan progres codingan",,,
122450045,EKA FIDIYA PUTRI,2020,6288276629391,"Yuliana, S.Pd., M.Cs.","Febri Dwi Irawati, S.Si., M.Si.",,,,Belum Sempro,,"Progres: smt depan masih ada MK ngulang, jadi TA di smt depan, Pbb 1 sudah 3 kali, ke Pbb 2 belum, masih nulis bab 1
Next: Bimbingan ke Pbb1 dan Pbb2 untuk Bab 1",,,
122450046,VITA ANGGRAINI,2020,62895330784749,"Linda Rassiyanti, S.Si., M.Si.","Febri Dwi Irawati, S.Si., M.Si.",,,,Belum Sempro,,"Progres : Data, Metode sudah Fix, tinggal ke P2
Next : Minggu depan Daftar SemPro",,,
122450047,MUTIARA DIAN PITALOKA,2020,6289514083652,"Christyan Tamaro Nadeak, S.Si., M.Si.","Fajri Farid, S.Si., M.Sc.","Ade Lailani, S.Si., M.Si.",,,Sudah Sempro,,"Progres: Sempro bulan Juni, masih ngerjain BAP ada revisi di BAB 3, codingan selesai, laptop sedang rusak, (gantian dengan teman) 
Next: BAP ke Pbb 1",,,
122450048,DAVID BOBY C. NAINGGOLAN,2020,6281262529351,"Mika Alvionita S, S.Si., M.Si.","Rohmi Dyah Astuti, S.Si., M.Cs.",,,,,,"Progres: belum bimbingan, topik  dan data sudah, kendala di metode, total 147 sudah dengan TA
Next: Bimbingan ke Pbb 1, bahas topik",,,
122450052,NISRINA NUR AFIFAH,2020,6281213425392,"Luluk Muthoharoh, S.Si., M.Si.","Vina Nurmadani, S.Mat., M.Si.",,,,Belum Sempro,,"Progres : Revisi persiapan sempro
Next : Finalisasi draft sempro",,,
122450053,PRISKA SILVIA FERANTIANA,2020,62895417658143,"Mika Alvionita S, S.Si., M.Si.","Yoga Aji Sukma, S.Mat., M.Stat.","Luluk Muthoharoh, S.Si., M.Si.",,,Sudah Sempro,,"Progres : Finalisasi penulisan coding dan mulai BAB 4
Next : Selesaikan BAP Sempro",,,
122450055,SALWA FARHANATUSSAIDAH,2020,6281274808007,"Yuliana, S.Pd., M.Cs.","Dewi Indra Setiawan, S.Si., M.Si.",,,,Belum Sempro,,"Progres: Sempro sudah diambil si smt sebelumnya, penulisan Bab 2, Bab 1 sudah, ganti data dan metode, bimbingan 4 kali dengan Pbb1, masih ngambil MK smt ini, 
Next: Bimbingan bab 2",,,
122450058,ADIL AULIA RAHMA NURHIDAYAH,2020,625783862272,"Linda Rassiyanti, S.Si., M.Si.","Indah Suciati, S.Mat., M.Mat.",,,,Belum Sempro,"Cuti semester 4, 5 SKS","Progres : Final pembimbing 1 dan 2
Next : Daftar Sempro",,,
122450059,NATHANAEL DANIEL SANTOSO,2020,,,,,,,,,,,,
122450060,ANNISA KOMALASARI,2020,,,,,,,,,,,,
122450061,KHARISA HARVANNY,2020,62895422090840,"Linda Rassiyanti, S.Si., M.Si.","Rian Kurnia, S.Si., M.Si.",,,,Belum Sempro,,"Progres : Belum bimbingan
Next : Laporan jurnal dan finalisasi metode",,,
122450064,ELI DWI PUTRA BEREMA,2020,62895337652217,"Christyan Tamaro Nadeak, S.Si., M.Si.","Fitri Nurjanah, S.Si., M.Mat.",,,,Belum Sempro,,"Progres: Sudah bimbingan ke Pbb 1, sebanyak 4 kali,, data masih ada sedikit problem, ada tambahan di metode dari Pbb 1, komparasi metode
Next: Penulisan proposal",,,
122450065,BERLIANA ENDA PUTRI,2020,6288271560855,"Ahmad Luky Ramdani, S.Komp., M.Kom.","Ardika Satria, S.Si., M.Si.","Ade Lailani, S.Si., M.Si.",,,Sudah Sempro,,"Progres : Finalisasi Pak Luky dan Bu Ade
Next : Finalisasi Pak Luky",,,
122450066,CINTYA BELLA,2020,6289626047340,"Ade Lailani, S.Si., M.Si.","Ahmad Luky Ramdani, S.Komp., M.Kom.",,,,Belum Sempro,,"Progres: sempro sudah diambil smt sebelumnya, metode, topik dan dataset sudah ada, penulisan bab 1-3, 
Next: Bimbingan Bab 1-3",,,
122450068,AZIZAH KUSUMAH PUTRI,2020,6285826270490,"Yuliana, S.Pd., M.Cs.","Ardika Satria, S.Si., M.Si.",,,,Belum Sempro,,"Progres: kendala berubah terus metodenya, penulisan sudah sampai bab 3 tapi masih ada revisi, sudah bimbingan 6 klai (pbb 1) dan 1 kali (Pbb 2)
Next: Bimbingan revisi bab 1-3 ke Pbb 1 dan 2",,,
122450069,Hermawan Manurung,2020,6282213388825,"Luluk Muthoharoh, S.Si., M.Si.","Ade Lailani, S.Si., M.Si.","Ahmad Luky Ramdani, S.Komp., M.Kom.",,,Sudah Sempro,,"Progres : Tinggal menunggu acc pembimbing 2
Next : Bimbingan dengan pembimbing 2",,,
122450070,Renta Siahaan,2020,6282274029220,"Linda Rassiyanti, S.Si., M.Si.","Yustida Bellini, S.Kom., M.Kom.",,,,Belum Sempro,,"Progres: Bab 1-3 sudah selesai, sudah 6 kali ke Pbb 1, Pbb 2 baru 1 kali,
Next: Revisi drfat dari Pbb 2",,,
122450071,Safitri,2020,6285841750647,"Luluk Muthoharoh, S.Si., M.Si.","Vina Nurmadani, S.Mat., M.Si.",,,,Belum Sempro,,"Progres: sudah pernah ngambil sempro di smt sebelumnya, Pbb 1 (3 kali), bab 3 belum selesai penulisannya, kendala udah ngekos PP dari Lamteng (2 jam) orang tua sebelumnya sakit, perhitungan dan kodingan sudah selesai
Next: Bimbingan ke Pbb 1 finalisasi Bab 1,2,3",,,
122450073,GANIYA SYAZWA,2020,6281325644388,"Yuliana, S.Pd., M.Cs.","Ade Lailani, S.Si., M.Si.","Febri Dwi Irawati, S.Si., M.Si.",,,Sudah Sempro,,"Progres: Sempro bulan Juni, kemarin sakit, stuck di bagian kodingan, BAP sudah, penulisan baru sedikit
Next : minggu ini selesain kodingan, nemuin Pbb 1",,,
122450075,Dearni monica Br Manik,2020,6282272751838,"Yuliana, S.Pd., M.Cs.","Dewi Indra Setiawan, S.Si., M.Si.","Tirta Setiawan, S.Pd., M.Si.",,,Sudah Sempro,,"Progres: sudah menulis bab 4 dan 5, minggu ini perbaikan bab 4 dan 5, baru 1 kali bimbingan, BAP sudah
Next: bimbingan ke Pbb 1",,,
122450078,KHUSNUN NISA,2020,6289632705233,"Ira Safitri, S.Si., M.Si., M.Sc.","Linda Rassiyanti, S.Si., M.Si.",,,,Belum Sempro,,"Progres : Finalisasi BAB 1, coba coding
Next : Progres penulisan sempro",,,
122450079,RENISHA PUTRI GIANI,2020,6282380805313,"Yusni Puspha Lestari, S.T., M.Si.","Ade Lailani, S.Si., M.Si.",,,,Aktif,https://drive.google.com/file/d/1wUnjSuhgudZd3YHUGT-fdM9i-IG0Iiwg/view?usp=drive_link,,,,
122450082,FADHIL FITRA WIJAYA,2020,6281946978398,"Linda Rassiyanti, S.Si., M.Si.","Luluk Muthoharoh, S.Si., M.Si.",,,,Belum Sempro,,"Progres : Selesai ke Pembimbing 1 dan sudah mulai ke Pembimbing 2
Next : Hasil revisi dari Pembimbing 2",,,
122450083,RANDA ANDRIANA PUTRA,2020,6281213366633,"Ahmad Luky Ramdani, S.Komp., M.Kom.","Yusni Puspha Lestari, S.T., M.Si.","Tirta Setiawan, S.Pd., M.Si.",,,Sudah Sempro,,"Progres : Penulisan BAB 4 dan 5
Next : Selesai BAP SemPro  dan Draft Semhas",,,
122450085,Danang Hilal Kurniawan,2020,6285758064939,"Linda Rassiyanti, S.Si., M.Si.","Yoga Aji Sukma, S.Mat., M.Stat.",,,,Belum Sempro,,"Progres : Sudah daftar Sempro
Next : Sempro lama banget","Progres : Persiapan Sempro
Next : Sempro tanggal 21","Progres : Pelaksanaan Sempro
Next : Laporan revisi dan BAP",
122450086,Kayla Amanda Sukma,2020,6281279096337,"Yuliana, S.Pd., M.Cs.","Tirta Setiawan, S.Pd., M.Si.","Mika Alvionita S, S.Si., M.Si.",,,Sudah Sempro,,"Progres : Sudah daftar Semhas
Next : Semhas","Progres : SemHas
Next : Revisi",,
122450087,FERYADI YULIUS,2020,6285357552080,"Ahmad Luky Ramdani, S.Komp., M.Kom.","Dr. Esa Prakasa, S.T., M.T.","Christyan Tamaro Nadeak, S.Si., M.Si.",,,Sudah Sempro,,"Progres : Sudah Semhas
Next : Revisi Semhas",,,
122450088,REYNALDI RAHMAD,2020,6282185800297,"Ade Lailani, S.Si., M.Si.","Fajri Farid, S.Si., M.Sc.",,,,Belum Sempro,,"Progres : Fix penelitian
Next : Penulisan Sempro",,,
122450089,Naufal Fakhri,2020,6281314805939,"Yuliana, S.Pd., M.Cs.","Yusni Puspha Lestari, S.T., M.Si.","Ahmad Luky Ramdani, S.Komp., M.Kom.",,,Sudah Sempro,,"Progres : BAP Sempro selesai, bab 4 dan coding selesai, bimbingan belum
Next : Laporan bimbingan dengan Pembimbing 1 dan 2",,,
122450091,TOBIAS DAVID MANOGARI,2020,6285880151533,"Linda Rassiyanti, S.Si., M.Si.","Ardika Satria, S.Si., M.Si.",,,,Belum Sempro,,"Progres : Belum bimbingan
Next : Bimbingan Final ke P1 dan ke P2",,,
122450095,CHEVANDO DAFFA PRAMANDA,2020,6282375382660,"Christyan Tamaro Nadeak, S.Si., M.Si.","M. Syamsuddin Wisnubroto, S.Si., M.Si.",,,,Belum Sempro,,"Progres : Penulisan BAB 1
Next : Finalisasi BAB 1 dan BAB 2",,,
122450098,ULIANO WILYAM PURBA,2020,6289635945943,"Ade Lailani, S.Si., M.Si.","Febri Dwi Irawati, S.Si., M.Si.",,,,Belum Sempro,,"Progres : Draft Sempro sudah selesai
Next : Finalisasi ke pembimbing 2",,,
122450100,IBRAHIM AL KAHFI,2020,6289634210156,"Ade Lailani, S.Si., M.Si.","Rohmi Dyah Astuti, S.Si., M.Cs.",,,,Sudah Sempro,,"Progres : BAP Sempro selesai
Next : Laporan proses coding dan Penulisan BAB 4",,,
122450101,M. DERIANSYAH OKUTRA,2020,6282278529834,"Ira Safitri, S.Si., M.Si., M.Sc.","Rumadi, S.T., M.T.",,,,Belum Sempro,,"Progres : Sudah daftar Sempro
Next : Pelaksanaan Sempro","Progres : Pelaksanaan SemPro
Next : Revisi SemPro",,
122450102,Daris Samudra,2020,6282111696628,"Linda Rassiyanti, S.Si., M.Si.","Rohmi Dyah Astuti, S.Si., M.Cs.",,,,,"Pernah cuti semeter 6, 15 SKS","Progres : Sudah daftar Sempro
Next : Persiapan mental","Progres : Persiapan semhas
Next : Sempro","Progres : Pelaksanaan Sempro
Next : Hasil revisi",
122450103,RUT JUNITA SARI SIBURIAN,2020,6285271962028,"Luluk Muthoharoh, S.Si., M.Si.","Linda Rassiyanti, S.Si., M.Si.","Yuliana, S.Pd., M.Cs.",,,Sudah Sempro,,"Progres: sempro bulan April, BAP sudah, Penulisan dan hasil sudah, terdapat revisi di evaluasi, Pbb sudah >6, ke Pbb 2 baru 1 kali bimbingan
Next: ke Pbb 1 menampilkan revisi dan ke Pbb 2 untuk penulisan",,,
122450104,NOVELIA ADINDA,2020,6285715118856,"Yuliana, S.Pd., M.Cs.","Rian Kurnia, S.Si., M.Si.","Mika Alvionita S, S.Si., M.Si.",,,Sudah Sempro,,"Progres: Sempro bulan Juni, BAP sudah selesai, dari Pbb 2 masih ada revisi, penulisan lampiran
Next: Revisi ke Pbb 2 penulisan Bab 4, daftar semhas",,,
122450107,FERDY KEVIN NAIBAHO,2020,6281263549073,"Linda Rassiyanti, S.Si., M.Si.","Ahmad Luky Ramdani, S.Komp., M.Kom.",,,,Belum Sempro,,"Progres: smt lalu ngambil sempro, masih ada MK ngulang smt depan, TA smt depan, draft sudah, tapi ada pr di pemahaman proposal, Pbb 1 sudah bimbingan 6 kali, Pbb 2 baru 1 kali, dari Pbb 1 sudah bisa sempro
Next: Fokus mahamin metode dan bimbingan Pbb 2",,,
122450108,ANDRE HADIMAN ROTUA PARHUSIP,2020,628118519777,"Christyan Tamaro Nadeak, S.Si., M.Si.","Linda Rassiyanti, S.Si., M.Si.",,,,Belum Sempro,,,,,
122450109,Sahid Maulana,2020,6289505121002,"M. Syamsuddin Wisnubroto, S.Si., M.Si.","Fitri Nurjanah, S.Si., M.Mat.",,,,Belum Sempro,,"Progres : Penulisan Draft SemPro
Next : Finalisasi Draft Sempro",,,
122450111,Syalaisha Andini Putriansyah,2020,62895401010940,"Ira Safitri, S.Si., M.Si., M.Sc.","Linda Rassiyanti, S.Si., M.Si.",,,,Belum Sempro,,"Progres: bimbingan ke bu ira 4 kali, dan Pbb 2 baru 1 kali, data sudah, penulisan sudah sampai bab 3, gambar pipeline belum.  
Next: Bimbingan ke Pbb 1 dan Pbb 2 terkait revisi",,,
122450112,RENDRA EKA PRAYOGA,2020,6282249548133,"Christyan Tamaro Nadeak, S.Si., M.Si.","Yusni Puspha Lestari, S.T., M.Si.","Febri Dwi Irawati, S.Si., M.Si.",,,Sudah Sempro,,"Progres : semhas tgl 16 sep, sks kurang, ngambil sistensi
Next:  Fokus ke menuhin sks, menunggu nilai, revisi semhas",,,
122450113,Aditya Rahman,2020,6281279339049,"Mika Alvionita S, S.Si., M.Si.","Triyana Muliawati, S.Si., M.Si.","Christyan Tamaro Nadeak, S.Si., M.Si.",,,Sudah Sempro,,,,,
122450114,AKMAL FAIZ ABDILLAH,2020,6281278258050,"Ade Lailani, S.Si., M.Si.","Vina Nurmadani, S.Mat., M.Si.","Christyan Tamaro Nadeak, S.Si., M.Si.",,,Sudah Sempro,,"Progres : BAP Sempro sudah, sudah menyerahkan draft TA ke Pembimbing 1
Next : Penulisan BAB 4 ke P1 dan P2",,,
122450115,SMERTNIKI JAVID AHMEDTHIAN,2020,6282133928355,"Ade Lailani, S.Si., M.Si.","Tirta Setiawan, S.Pd., M.Si.",,,,Belum Sempro,,"Progres : Sudah final metode dan data
Next : Draft penulisan BAB 1,2,3",,,
122450117,ANWAR MUSLIM,2020,628978262875,"M. Syamsuddin Wisnubroto, S.Si., M.Si.","Ade Lailani, S.Si., M.Si.","Tirta Setiawan, S.Pd., M.Si.",,,Sudah Sempro,,"Progres : Rapihkan penulisan
Next : Selesaikan penulisan dan BAP Penguji",,,
122450118,MIRZAN YUSUF RABBANI,2020,6281210600595,"Linda Rassiyanti, S.Si., M.Si.","Dimas Dwi Randa, S.Kom., M.Kom.",,,,Belum Sempro,,"Progres : Diskusi terkait metode, uji coba coding dahulu ke pembimbing 1
Next : Bimbingan ke Pembimbing 1 dan Pembimbing 2",,,
122450119,MUHAMMAD ZAKY ZAIDDAN,2020,6285640671491,"Tirta Setiawan, S.Pd., M.Si.","Yustida Bellini, S.Kom., M.Kom.",,,,Belum Sempro,,"Progres : Bimbingan ke Pembimbing 1
Next : Laporan Hasil bimbingan ke Pembimbing 1",,,
122450121,Syalaisha Andina Putriansyah,2020,6289653610768,"Luluk Muthoharoh, S.Si., M.Si.","Ardika Satria, S.Si., M.Si.",,,,Belum Sempro,,"Progres: penulisan sudah sampai bab 3, bimbingan ke Pbb 1 dan 2 > 6 kali,  
Next: ke Pbb 1 dan Pbb 2 memberikan draft final",,,
122450122,AMALIA MELANI PUTRI,2020,6281267862044,"Linda Rassiyanti, S.Si., M.Si.","M. Syamsuddin Wisnubroto, S.Si., M.Si.",,,,Belum Sempro,,"Progres : pemahaman kembali teori ke pembimbing 2
Next : Bimbingan dengan pembimbing 2 serta finalisasi draft sempro",,,
122450124,Virdio Samuel Saragih,2020,6285162967373,"Ira Safitri, S.Si., M.Si., M.Sc.","Ardika Satria, S.Si., M.Si.","Mika Alvionita S, S.Si., M.Si.",,,Sudah Sempro,,"Progres : project Insectera, hasil sudah tinggal penulisan, minggu ini sampai minggu depan masih persentasi, bimbingan pak ardika 3 kali lebih 
Next: senin hubungi llpm untuk presentasi, daftar semhas minggu depan",,,
122450125,Nasywa Nur Afifah,2020,6282210833301,"Yuliana, S.Pd., M.Cs.","Ardika Satria, S.Si., M.Si.",,,,Belum Sempro,,"Progres: sudah pernah mengambil sempro, sudah bimbingan 5 kali ke Pbb 1, ada kendala di pemahaman, ke Pbb 2 baru 1 kali, masih mencari topik
Next: Nentuin topik, cari data, kerangka penelitian",,,
122450129,Vira Putri Maharani,2020,628551058655,"Yustida Bellini, S.Kom., M.Kom.","Rohmi Dyah Astuti, S.Si., M.Cs.",,,,,,"Progres: MK ADS mengulang padahal sudah tidak, besok bimbingan ke Pbb 1, sudah mulai penulisan Bab 1 dan 2
Next: Bimbingan ke Pbb 1",,,
122450130,BASTIAN HESKIA SILABAN,2020,62895633403060,"Linda Rassiyanti, S.Si., M.Si.","Fitri Nurjanah, S.Si., M.Mat.",,,,Belum Sempro,,"Progres : Ambil matkul 5 SKS
Next : Konsultasi jurnal rujukan ke Pembimbing 1",,,
122450131,FAYYAZA AQILA SYAFITRI ACHJAR,2020,6285378810193,"Ade Lailani, S.Si., M.Si.","Fitri Nurjanah, S.Si., M.Mat.",,,,Belum Sempro,,"Progres: sudah ngambil sempro smt sebelumnya, ganti metode di smt ini, bimbingan baru  1 kali  (Pbb 1), metode baru dan data baru jadi rombak total, data sudah ada, penulisan baru bab 1
Next: Finalisasi data dan penulisan bab 1 dan 2",,,
122450132,PARDI OCTAVIANDO,2020,6285173444166,"M. Syamsuddin Wisnubroto, S.Si., M.Si.","Yoga Aji Sukma, S.Mat., M.Stat.",,,,Belum Sempro,,"Progres : Draft SemPro selesaikan
Next : Draft Sempro Selesai",,,
122450133,Dhafin Razaqa Luthfi,2020,6289530824102,"Linda Rassiyanti, S.Si., M.Si.","Indah Suciati, S.Mat., M.Mat.",,,,Belum Sempro,,"Progres : Progres penulisan sempro
Next : Finalisasi jurnal dan BAB 1",,,
122450138,Ahmad Rizqi,2020,6282287754194,"Ade Lailani, S.Si., M.Si.","Dewi Indra Setiawan, S.Si., M.Si.",,,,Belum Sempro,,"Progres : Sudah ACC Sempro
Next : Mengurus Daftar Sempro","Progres : Selesai daftar dan Pemberkasan
Next : Sempro","Progres : Sempro
Next : Laporan Revisi",
122450139,Nabila Zakiyah Zahra,2020,6281540804249,"Linda Rassiyanti, S.Si., M.Si.","Mika Alvionita S, S.Si., M.Si.","Christyan Tamaro Nadeak, S.Si., M.Si.",,,Sudah Sempro,,,,,
122450140,Rafly Prabu Darmawan,2020,6281271328125,"Ade Lailani, S.Si., M.Si.","Luluk Muthoharoh, S.Si., M.Si.",,,,Belum Sempro,,,,,
122450141,Diana Syafithri,2020,6282279912276,"Ade Lailani, S.Si., M.Si.","Fajri Farid, S.Si., M.Sc.","Ira Safitri, S.Si., M.Si., M.Sc.",,,Sudah Sempro,,"Progres : Menyelesaikan coding dan bab 4
Next : BAP Sempro, bimbingan ke pembimbing 1",,,
122450142,Rafa Aqilla Jungjunan,2020,6282173230355,"Christyan Tamaro Nadeak, S.Si., M.Si.","Rian Kurnia, S.Si., M.Si.",,,,Belum Sempro,,,,,
120450062,Queena Aurora Batubara,2021,‪6288219758365‬,"Christyan Tamaro Nadeak, S.Si., M.Si.","Luluk Muthoharoh, S.Si., M.Si.","Tirta Setiawan, S.Pd., M.Si.",,,Semhas Mei,,"Progres : ACC Semhas 11 September
Next : Revisi Seminar Hasil",,,
120450019,KHOLISATURROHMAH,2021,6285279852167,"M. Syamsuddin Wisnubroto, S.Si., M.Si.","Linda Rassiyanti, S.Si., M.Si.",,,,Masih Kuliah,KHOLISATURROHMAH,,,,
120450004,Alem Ardemi,2021,‪6285817743940‬,"Christyan Tamaro Nadeak, S.Si., M.Si.","Tirta Setiawan, S.Pd., M.Si.",,,,Belum Sempro,,"Next : Proposal sudah ACC, daftar sempro.
Next : sudah ada tanggal sempronya",,,
120450022,FIKRI DWI ALPIAN,2021,‪6282388137794‬,"Luluk Muthoharoh, S.Si., M.Si.","Mika Alvionita S, S.Si., M.Si.","Christyan Tamaro Nadeak, S.Si., M.Si.",,,Belum Semhas,,"Progres : Bimbingan ke P2
Next : ACC dari P2 dan Penguji",,Daftar Semhas,
120450007,NADHEA ALLYA MAHARANI,2021,6282282465445,"Christyan Tamaro Nadeak, S.Si., M.Si.","Tirta Setiawan, S.Pd., M.Si.","Yuliana, S.Pd., M.Cs.",,,Mau Semhas Mei,,"Progres : Cari tanggal + daftar
Next : -",Semhas,,
120450102,CORNEL SILAEN,2021,‪6282278660066‬,"Tirta Setiawan, S.Pd., M.Si.","Luluk Muthoharoh, S.Si., M.Si.","Mika Alvionita S, S.Si., M.Si.",,,baru Sempro,,"Progres : Perbaikan Draft Semhas
Next : Selesai draft Semhas, daftar semhas",Daftar Semhas,,
120450030,WISNU WASIS SAPUTRA,2021,6282282728836,"Luluk Muthoharoh, S.Si., M.Si.","Tirta Setiawan, S.Pd., M.Si.","Mika Alvionita S, S.Si., M.Si.",,,Baru Sempro,https://drive.google.com/file/d/14QH5GOOrAKoUZ3xD67rYlKpDzF6eZwPv/view?usp=drive_link,,,,
120450018,GREGORIUS GAMA ABI SURYA,2021,6282278062695,"Tirta Setiawan, S.Pd., M.Si.","Mika Alvionita S, S.Si., M.Si.","Ira Safitri, S.Si., M.Si., M.Sc.",,,Sudah Sempro,Sakit Hemofilia,"Progres : Coding dan Nulis 50%
Next : Finalisasi Coding",,Next : Semhas,
120450017,Marhanny Zahra Nurendra,2021,,"Tirta Setiawan, S.Pd., M.Si.","Luluk Muthoharoh, S.Si., M.Si.","Mika Alvionita S, S.Si., M.Si.",,,Baru Sempro Desember 2024,,,,,
121450007,DEDE MASITA,2021,6282285469795,"Ahmad Luky Ramdani, S.Komp., M.Kom.","Fajri Farid, S.Si., M.Sc.","Luluk Muthoharoh, S.Si., M.Si.",,,Sudah Sempro,,"Progres : Revisi ke Pak Luky, Coding Selesai, Bab 1-3 kurang sempurna
Next : Pelajari Teori atau Isi TA belum Paham",,,
121450014,GEDE MOENA,2021,‪6281291786941‬,"Christyan Tamaro Nadeak, S.Si., M.Si.","Yuliana, S.Pd., M.Cs.","Ahmad Luky Ramdani, S.Komp., M.Kom.",,,Sudah Sempro,,"Progres : Sempro terakhir di januari, sudah bimbingan dengan pak tamaro sudah 5 kali, 2 kali bimbingan lagi akan ke pembimbing 2 
Next : Semhas (bulan oktober)",,,
121450020,MARSHANDA PUTRI PRASETYA,2021,6287727746595,"Tirta Setiawan, S.Pd., M.Si.","Yuliana, S.Pd., M.Cs.",,,,Belum Sempro,,"Progres : 14 Sempro
Next : BAP Revisi Sempro",,,
121450030,Pramudya Wibowo,2021,‪6285764173923‬,,,,,,Belum Sempro,,"Progres : jumlah SKS saat ini : 124 SKS, rencana mengambil mata kuliah TA di semester 12, 
Next : -",,,
121450045,Muhammad Rendy Saputra,2021,,,,,,,Belum Sempro,,,,,
121450047,LION ABDI MARGA,2021,6281380971759,"Ade Lailani, S.Si., M.Si.","Dimas Dwi Randa, S.Kom., M.Kom.",,,,Belum Sempro,,"Progres : mhs nya malas bimbingan, sudah ketemu P1 menentukan topik, 
Next : ada draft proposal",,,
121450048,MUHAMMAD HANIF FAROS,2021,6281532924363,,,,,,Belum Sempro,,,,,
121450050,PUTRI MAULIDA CHAIRANI,2021,6281365849847,"Luluk Muthoharoh, S.Si., M.Si.","Ira Safitri, S.Si., M.Si., M.Sc.",,,,Belum Sempro,,"Progress : Draft nya sudah selesai sampai bab 2
Next : Sempro, (rencana sebelum UTS)",,,
121450054,NADIA SILVANI,2021,6289507959327,"Luluk Muthoharoh, S.Si., M.Si.","Linda Rassiyanti, S.Si., M.Si.","Ira Safitri, S.Si., M.Si., M.Sc.",,,Sudah Sempro,,"Progres : Coding, Penulisan
Next : Laporan Penulisan",,,
121450062,Erwan Arief,2021,6282340189456,"M. Syamsuddin Wisnubroto, S.Si., M.Si.","Dewi Indra Setiawan, S.Si., M.Si.",,,,Belum Sempro,,"Progress: Mencari referensi Judul, 
Next : Ketemu dengan Pembimbing 1",,,
121450072,CATHERINE FIRDHASARI MAULINA SINAGA,2021,6283838396646,"Christyan Tamaro Nadeak, S.Si., M.Si.","Ade Lailani, S.Si., M.Si.","Luluk Muthoharoh, S.Si., M.Si.",,,Sudah Sempro,,"Progres : Acc terakhir 
Next : Daftar SemHas kepastian tanggal",,,
121450079,Dwi Sulistiani,2021,6287751401946,"Tirta Setiawan, S.Pd., M.Si.","Dimas Dwi Randa, S.Kom., M.Kom.",,,,Belum Sempro,,,,,
121450080,YUNAENA MAR`ATUL KIROM,2021,6285658777828,"Febri Dwi Irawati, S.Si., M.Si.","Rohmi Dyah Astuti, S.Si., M.Cs.","Mika Alvionita S, S.Si., M.Si.",,,Sudah Sempro,,"Progres : Menyelesaikan codingan, yang sebelumnya hasil evaluasi masih kurang baik dan sekarang sedang mencoba memperbaiki data dan untuk hasilnya sudah lebih baik dari minggu lalu namun masih ingin dilakukan beberapa kali percobaan lagi agar mendapatkan hasil yang jauh lebih baik, untuk penulisan nya sendiri dibab 4 sudah menyicil juga bagian awalnya
Next : Menyelesaikan codingan, target minggu depan selesai untuk penulisan dan mendaftar semhas",,,
121450097,AFIFAH SYAHARANI,2021,6287797092305,"Luluk Muthoharoh, S.Si., M.Si.","Lita Lianti, S.T., M.Sc.",,,,Belum Sempro,,,,,
121450100,HELMA LIA PUTRI,2021,6285841872118,"Christyan Tamaro Nadeak, S.Si., M.Si.","Rohmi Dyah Astuti, S.Si., M.Cs.","Yuliana, S.Pd., M.Cs.",,,Sudah Sempro,,"Progres : BAB 4, Coding Selesai
Next : Bimbingan Finalisasi 2x Pertemuan Lagi",,,
121450103,AUDREY RIBKA DESMONDA MANIHURUK,2021,6287888748895,"Mika Alvionita S, S.Si., M.Si.","Yuliana, S.Pd., M.Cs.","Linda Rassiyanti, S.Si., M.Si.",,,Sudah Sempro,,"Progres : Penyelesaian BAB 4, tinggal ke P2
Next : Selesaikan ke P1 dan P2",,,
121450116,PUTRI DURROTUL SHOPIA,2021,6281368355209,"Yuliana, S.Pd., M.Cs.","Fitri Nurjanah, S.Si., M.Mat.",,,,Belum Sempro,,"Progress : Proposal sudah selesai, tapi ada revisi, 
Next : Sempro (bulan september )",,,
121450126,KIWIT NOVITASARI,2021,6281373938153,"M. Syamsuddin Wisnubroto, S.Si., M.Si.","Rian Kurnia, S.Si., M.Si.",,,,Belum Sempro,,"Progres : Sudah daftar Sempro
Next : Seminar Proposal 14 Sept","Progres : SemPro 14
Next : Revisi Sempro",,
121450136,ADISTY SYAWALDA ARIYANTO,2021,‪6282377198091‬,"Ade Lailani, S.Si., M.Si.","Yusni Puspha Lestari, S.T., M.Si.",,,,Belum Sempro,,"Progres : Kuliah 2 SKS, P1 selesai, P2 progres
Next : Finalisasi ke P2","Progres : Selesai Perbaikan Penulisan di BAB 1 & 2
Next : Perbaikan Penulisan di BAB 2 & 3",,
121450138,LIA ALYANI,2021,6282282095607,"Ira Safitri, S.Si., M.Si., M.Sc.","Yustida Bellini, S.Kom., M.Kom.",,,,Belum Sempro,,"Progress : Draft nya sudah sampai bab 3 , mau ketemu dosen P2
Next : Sempro (bulan Septemaber)",,,
121450140,IMA ALIFAH IZATI ZALFA,2021,,"Christyan Tamaro Nadeak, S.Si., M.Si.","Fajri Farid, S.Si., M.Sc.",,,,Belum Sempro,,"Progres : Penambahan detail dokumen Sempro
Next : Hasil ke P1 dan Ke P2",,,
121450145,MAYADA,2021,6285171580308,"Yuliana, S.Pd., M.Cs.","Ahmad Luky Ramdani, S.Komp., M.Kom.",,,,Belum Sempro,,"Progres : Kuliah 17 SKS
Next : Bimbingan SemPro",,,
121450152,LULU CHRISTIN SIHOMBING,2021,6282273474588,"Christyan Tamaro Nadeak, S.Si., M.Si.","Tirta Setiawan, S.Pd., M.Si.","M. Syamsuddin Wisnubroto, S.Si., M.Si.",,,Sudah Sempro,,"Progres : BAP Sempro dan Progres Coding ke P1
Next : BAP Sempro Selesai dan fokus ke P1 dan P2",,,
121450161,JIHAN PUTRI YANI,2021,‪6282183021387‬,,,,,,Belum Sempro,,"Progres : Kuliah 20 SKS
Next : -","Progres : Kuliah 20 SKS
Next : -","Progres : Kuliah 20 SKS
Next : -","Progres : Kuliah 20 SKS
Next : -"
122450003,KARTINI LOVIAN SIMBOLON,2021,6281285256067,"M. Syamsuddin Wisnubroto, S.Si., M.Si.","Indah Suciati, S.Mat., M.Mat.","Linda Rassiyanti, S.Si., M.Si.",,,Sudah Sempro,,"Progres: Sempro bulan Juli, kendala di model karena kurang bagus, sudah bimbingan dengan Pbb 1 kali, BAP masih ke Pbb 1, belum mulai nulis
Next: Bimbingan ke Pbb 1 terkait model dan BAP ke Pbb 2 dan Penguji",,,
122450005,ASA DOA UYI,2021,6282279096323,"Linda Rassiyanti, S.Si., M.Si.","Indah Suciati, S.Mat., M.Mat.",,,,Belum Sempro,,"Progres: data sudah di acc (ada pergantian data), finalisasi BAB 1,  bimbingan denga pbbb 1 >6 kali
Next: bimbingan untuk penulisan bab 1 dan 2","Progres : Telah bimbingan ke dosen pembimbing 1
Next :",,
122450006,SITI NUR AARIFAH,2021,6288286496048,"M. Syamsuddin Wisnubroto, S.Si., M.Si.","Dewi Indra Setiawan, S.Si., M.Si.","Linda Rassiyanti, S.Si., M.Si.",,,Sudah Sempro,,"Progres : Revisi dengan pembimbing 2
Next : Selesaikan dengan pembimbing 2","Progres : Daftar Semhas
Next : Seminat Hasil",,
122450007,MUHAMMAD BAYU SYUHADA,2021,6282175436344,"Yuliana, S.Pd., M.Cs.","Fajri Farid, S.Si., M.Sc.",,,,Belum Sempro,,"Progres : Finalisasi Metode
Next : Sudah Final Data dan Metode",,,
122450008,DWI RATNA ANGGRAENI,2021,6282375754362,"Mika Alvionita S, S.Si., M.Si.","Yustida Bellini, S.Kom., M.Kom.","Linda Rassiyanti, S.Si., M.Si.",,,Sudah Sempro,,"Progres : Finalisasi coding, hampir selesai bab 4
Next : BAP Sempro dan finalisasi BAB 4",,,
122450010,KHOIRUL MIZAN ABDULLAH,2021,6285174120640,"Ade Lailani, S.Si., M.Si.","Indah Suciati, S.Mat., M.Mat.","Yuliana, S.Pd., M.Cs.",,,Sudah Sempro,,"Progres : dataset masih banyak yg korupt, solusi data menggunakan sedikit,  komputasi menggunakan collab memakan waktu yang lama beralih ke kaglle, hasil training tidak ada, BAP fiksasi, baru 1 kali bimbingan
Next: fokus ke BAP dan Pbb 1, nyoba komputasi ke lab",,,
122450011,MEIRA LISTYANINGRUM,2021,6283172664109,"Yuliana, S.Pd., M.Cs.","Rian Kurnia, S.Si., M.Si.",,,,Belum Sempro,,"Progres: revisi bab 1-3 ke Pbb 1, bimbingan sudah 7 kali (Pbb1) 
Next: Bimbingan revisi bab 1-3",,,
122450015,JACLIN ALCAVELLA,2021,6281440002147,"Mika Alvionita S, S.Si., M.Si.","Yoga Aji Sukma, S.Mat., M.Stat.","M. Syamsuddin Wisnubroto, S.Si., M.Si.",,,Sudah Sempro,,"Progres : Sudah acc untuk semhas ke pembimbing
Next : Daftar Semhas",,,
122450016,KEMAS VERIANDRA RAMADHAN,2021,6281311297969,"Ira Safitri, S.Si., M.Si., M.Sc.","Ardika Satria, S.Si., M.Si.","Ahmad Luky Ramdani, S.Komp., M.Kom.",,,Sudah Sempro,,"Progres: BAP ke dosen pbb, kendala di data belum jelas untuk project Insecta, paling buruknya menggunakan data sintesis, belum bimbingan ke Pbb 1 dan Pbb 2 karena jadwal belum ketemu, sudah mulai nulis
Next : BAP dan konfirmasi data",,,
122450018,NAWWAF ABDURRAHMAN,2021,,"Ira Safitri, S.Si., M.Si., M.Sc.","Ardika Satria, S.Si., M.Si.","Yuliana, S.Pd., M.Cs.",,,Sudah Sempro,,,,,
122450021,LISA DIANI AMELIA,2021,6283862370500,"Ade Lailani, S.Si., M.Si.","Yusni Puspha Lestari, S.T., M.Si.",,,,Belum Sempro,,"Progres: Sempro tgl 22 September, fokus seminar, sudah mulai mengerjakan hasil, masih MK ada 3 MK yg diambil
Next: revisi draft setelah seminar",,,
122450023,CYNTIA KRISTINA SIDAURUK,2021,6283132034836,"M. Syamsuddin Wisnubroto, S.Si., M.Si.","Rohmi Dyah Astuti, S.Si., M.Cs.",,,,Belum Sempro,,"Progres : Hasil 
Next : -",,,
122450027,RAID MUHAMMAD NAUFAL,2021,628877325774,"M. Syamsuddin Wisnubroto, S.Si., M.Si.","Dr. Esa Prakasa, S.T., M.T.","Luluk Muthoharoh, S.Si., M.Si.",,,Sudah Sempro,,"Progres : Coding sudah selesai
Next : BAP Proposal selesai, finalisasi BAB 1,2,3",,,
122450028,UKASYAH MUNTAHA,2021,6285172181821,"Ade Lailani, S.Si., M.Si.","Ardika Satria, S.Si., M.Si.","Febri Dwi Irawati, S.Si., M.Si.",,,Sudah Sempro,,"Progres : Sudah daftar Semhas
Next : Semhas","Progres : Proses Semhas
Next : Hasil Revisi",,
122450029,NABIILAH PUTRI KARNAIA,2021,62895332186920,"Ade Lailani, S.Si., M.Si.","Dewi Indra Setiawan, S.Si., M.Si.",,,,Belum Sempro,,"Progres : Ganti topik dan finalisasi topik dan dataset
Next : Penulisan BAB 1,2,3",,,
122450030,RANI PUSPITA SARI,2021,,"Christyan Tamaro Nadeak, S.Si., M.Si.","M. Syamsuddin Wisnubroto, S.Si., M.Si.",,,,Belum Sempro,,,,,
122450033,ALLYA NURUL ISLAMI PASHA,2021,6282382245954,"Linda Rassiyanti, S.Si., M.Si.","Mika Alvionita S, S.Si., M.Si.",,,,Belum Sempro,Masih ada kuliah 19 SKS,"Progres : Belum bimbingan
Next : Bimbingan terkait jurnal",,,
122450034,KHAALISHAH ZUHRAH ALYAA VANEFI,2021,6281927981278,"Yuliana, S.Pd., M.Cs.","Ade Lailani, S.Si., M.Si.","Christyan Tamaro Nadeak, S.Si., M.Si.",,,Sudah Sempro,,"Progres : Penyelesaian code dan penulisan
Next : Penulisan BAB 4 selesai dan review coding",,,
122450037,NAJLA JUWAIRIA,2021,6282267499265,"Ade Lailani, S.Si., M.Si.","Yuliana, S.Pd., M.Cs.",,,,Belum Sempro,,"Progres: fiksasi topik, data, dan metode, penulisan bab 1, bimbingan sudah 3 kali ke Pbb 1, bulan lalu laptop rusak sekarang aman, kendala ganti topik sebelumnya
Next: Bimbingan pengumpulan draft kasar 1-3",,,
122450039,KHOIRUL ANAM,2021,6289632152848,"Linda Rassiyanti, S.Si., M.Si.","M. Syamsuddin Wisnubroto, S.Si., M.Si.",,,,Belum Sempro,11 SKS,"Progres :  Penulisan BAB 1 dan finalisasi coding
Next : Penulisan untuk Sempro + ujicoba coding",,,
122450040,TESSA KANIA SAGALA,2021,6283837934118,"Linda Rassiyanti, S.Si., M.Si.","Vina Nurmadani, S.Mat., M.Si.","Mika Alvionita S, S.Si., M.Si.",,,Sudah Sempro,,"Progres : Mengurus SemHas
Next : Daftar by sistem semhas",,Progres : Pelaksanaan Semhas,
122450041,OKTAVIA NURWINDA PUSPITASARI,2021,628981871042,"Linda Rassiyanti, S.Si., M.Si.","Mika Alvionita S, S.Si., M.Si.",,,,Belum Sempro,,"Progres: masih ada 3 MK yg harus diambil karena IPK belum memenuhi, Pbb 1 sudah > 6 pada smt sebelumnya, Pbb 2 baru 2 kali bimbingan, pemahaman materi, proposal masih revisi
Next: Menjelaskan terkait rumus dan revisi Bab 2 ke Pbb 2",,,
122450042,ABIT AHMAD OKTARIAN,2021,6289602607885,"Ade Lailani, S.Si., M.Si.","Yoga Aji Sukma, S.Mat., M.Stat.",,,,Belum Sempro,,"Progres : Penyusunan Draft Sempro tinggal hasil sementara
Next : Daftar Sempro",,,
122450044,AHMAD SAHIDIN AKBAR,2021,6282281808595,"Ade Lailani, S.Si., M.Si.","Rian Kurnia, S.Si., M.Si.","Ira Safitri, S.Si., M.Si., M.Sc.",,,Sudah Sempro,,"Progres : BAP Selesai
Next : Laporan progres codingan",,,
122450045,EKA FIDIYA PUTRI,2021,6288276629391,"Yuliana, S.Pd., M.Cs.","Febri Dwi Irawati, S.Si., M.Si.",,,,Belum Sempro,,"Progres: smt depan masih ada MK ngulang, jadi TA di smt depan, Pbb 1 sudah 3 kali, ke Pbb 2 belum, masih nulis bab 1
Next: Bimbingan ke Pbb1 dan Pbb2 untuk Bab 1",,,
122450046,VITA ANGGRAINI,2021,62895330784749,"Linda Rassiyanti, S.Si., M.Si.","Febri Dwi Irawati, S.Si., M.Si.",,,,Belum Sempro,,"Progres : Data, Metode sudah Fix, tinggal ke P2
Next : Minggu depan Daftar SemPro",,,
122450047,MUTIARA DIAN PITALOKA,2021,6289514083652,"Christyan Tamaro Nadeak, S.Si., M.Si.","Fajri Farid, S.Si., M.Sc.","Ade Lailani, S.Si., M.Si.",,,Sudah Sempro,,"Progres: Sempro bulan Juni, masih ngerjain BAP ada revisi di BAB 3, codingan selesai, laptop sedang rusak, (gantian dengan teman) 
Next: BAP ke Pbb 1",,,
122450048,DAVID BOBY C. NAINGGOLAN,2021,6281262529351,"Mika Alvionita S, S.Si., M.Si.","Rohmi Dyah Astuti, S.Si., M.Cs.",,,,,,"Progres: belum bimbingan, topik  dan data sudah, kendala di metode, total 147 sudah dengan TA
Next: Bimbingan ke Pbb 1, bahas topik",,,
122450052,NISRINA NUR AFIFAH,2021,6281213425392,"Luluk Muthoharoh, S.Si., M.Si.","Vina Nurmadani, S.Mat., M.Si.",,,,Belum Sempro,,"Progres : Revisi persiapan sempro
Next : Finalisasi draft sempro",,,
122450053,PRISKA SILVIA FERANTIANA,2021,62895417658143,"Mika Alvionita S, S.Si., M.Si.","Yoga Aji Sukma, S.Mat., M.Stat.","Luluk Muthoharoh, S.Si., M.Si.",,,Sudah Sempro,,"Progres : Finalisasi penulisan coding dan mulai BAB 4
Next : Selesaikan BAP Sempro",,,
122450055,SALWA FARHANATUSSAIDAH,2021,6281274808007,"Yuliana, S.Pd., M.Cs.","Dewi Indra Setiawan, S.Si., M.Si.",,,,Belum Sempro,,"Progres: Sempro sudah diambil si smt sebelumnya, penulisan Bab 2, Bab 1 sudah, ganti data dan metode, bimbingan 4 kali dengan Pbb1, masih ngambil MK smt ini, 
Next: Bimbingan bab 2",,,
122450058,ADIL AULIA RAHMA NURHIDAYAH,2021,625783862272,"Linda Rassiyanti, S.Si., M.Si.","Indah Suciati, S.Mat., M.Mat.",,,,Belum Sempro,"Cuti semester 4, 5 SKS","Progres : Final pembimbing 1 dan 2
Next : Daftar Sempro",,,
122450059,NATHANAEL DANIEL SANTOSO,2021,,,,,,,,,,,,
122450060,ANNISA KOMALASARI,2021,,,,,,,,,,,,
122450061,KHARISA HARVANNY,2021,62895422090840,"Linda Rassiyanti, S.Si., M.Si.","Rian Kurnia, S.Si., M.Si.",,,,Belum Sempro,,"Progres : Belum bimbingan
Next : Laporan jurnal dan finalisasi metode",,,
122450064,ELI DWI PUTRA BEREMA,2021,62895337652217,"Christyan Tamaro Nadeak, S.Si., M.Si.","Fitri Nurjanah, S.Si., M.Mat.",,,,Belum Sempro,,"Progres: Sudah bimbingan ke Pbb 1, sebanyak 4 kali,, data masih ada sedikit problem, ada tambahan di metode dari Pbb 1, komparasi metode
Next: Penulisan proposal",,,
122450065,BERLIANA ENDA PUTRI,2021,6288271560855,"Ahmad Luky Ramdani, S.Komp., M.Kom.","Ardika Satria, S.Si., M.Si.","Ade Lailani, S.Si., M.Si.",,,Sudah Sempro,,"Progres : Finalisasi Pak Luky dan Bu Ade
Next : Finalisasi Pak Luky",,,
122450066,CINTYA BELLA,2021,6289626047340,"Ade Lailani, S.Si., M.Si.","Ahmad Luky Ramdani, S.Komp., M.Kom.",,,,Belum Sempro,,"Progres: sempro sudah diambil smt sebelumnya, metode, topik dan dataset sudah ada, penulisan bab 1-3, 
Next: Bimbingan Bab 1-3",,,
122450068,AZIZAH KUSUMAH PUTRI,2021,6285826270490,"Yuliana, S.Pd., M.Cs.","Ardika Satria, S.Si., M.Si.",,,,Belum Sempro,,"Progres: kendala berubah terus metodenya, penulisan sudah sampai bab 3 tapi masih ada revisi, sudah bimbingan 6 klai (pbb 1) dan 1 kali (Pbb 2)
Next: Bimbingan revisi bab 1-3 ke Pbb 1 dan 2",,,
122450069,Hermawan Manurung,2021,6282213388825,"Luluk Muthoharoh, S.Si., M.Si.","Ade Lailani, S.Si., M.Si.","Ahmad Luky Ramdani, S.Komp., M.Kom.",,,Sudah Sempro,,"Progres : Tinggal menunggu acc pembimbing 2
Next : Bimbingan dengan pembimbing 2",,,
122450070,Renta Siahaan,2021,6282274029220,"Linda Rassiyanti, S.Si., M.Si.","Yustida Bellini, S.Kom., M.Kom.",,,,Belum Sempro,,"Progres: Bab 1-3 sudah selesai, sudah 6 kali ke Pbb 1, Pbb 2 baru 1 kali,
Next: Revisi drfat dari Pbb 2",,,
122450071,Safitri,2021,6285841750647,"Luluk Muthoharoh, S.Si., M.Si.","Vina Nurmadani, S.Mat., M.Si.",,,,Belum Sempro,,"Progres: sudah pernah ngambil sempro di smt sebelumnya, Pbb 1 (3 kali), bab 3 belum selesai penulisannya, kendala udah ngekos PP dari Lamteng (2 jam) orang tua sebelumnya sakit, perhitungan dan kodingan sudah selesai
Next: Bimbingan ke Pbb 1 finalisasi Bab 1,2,3",,,
122450073,GANIYA SYAZWA,2021,6281325644388,"Yuliana, S.Pd., M.Cs.","Ade Lailani, S.Si., M.Si.","Febri Dwi Irawati, S.Si., M.Si.",,,Sudah Sempro,,"Progres: Sempro bulan Juni, kemarin sakit, stuck di bagian kodingan, BAP sudah, penulisan baru sedikit
Next : minggu ini selesain kodingan, nemuin Pbb 1",,,
122450075,Dearni monica Br Manik,2021,6282272751838,"Yuliana, S.Pd., M.Cs.","Dewi Indra Setiawan, S.Si., M.Si.","Tirta Setiawan, S.Pd., M.Si.",,,Sudah Sempro,,"Progres: sudah menulis bab 4 dan 5, minggu ini perbaikan bab 4 dan 5, baru 1 kali bimbingan, BAP sudah
Next: bimbingan ke Pbb 1",,,
122450078,KHUSNUN NISA,2021,6289632705233,"Ira Safitri, S.Si., M.Si., M.Sc.","Linda Rassiyanti, S.Si., M.Si.",,,,Belum Sempro,,"Progres : Finalisasi BAB 1, coba coding
Next : Progres penulisan sempro",,,
122450079,RENISHA PUTRI GIANI,2021,6282380805313,"Yusni Puspha Lestari, S.T., M.Si.","Ade Lailani, S.Si., M.Si.",,,,Aktif,https://drive.google.com/file/d/1wUnjSuhgudZd3YHUGT-fdM9i-IG0Iiwg/view?usp=drive_link,,,,
122450082,FADHIL FITRA WIJAYA,2021,6281946978398,"Linda Rassiyanti, S.Si., M.Si.","Luluk Muthoharoh, S.Si., M.Si.",,,,Belum Sempro,,"Progres : Selesai ke Pembimbing 1 dan sudah mulai ke Pembimbing 2
Next : Hasil revisi dari Pembimbing 2",,,
122450083,RANDA ANDRIANA PUTRA,2021,6281213366633,"Ahmad Luky Ramdani, S.Komp., M.Kom.","Yusni Puspha Lestari, S.T., M.Si.","Tirta Setiawan, S.Pd., M.Si.",,,Sudah Sempro,,"Progres : Penulisan BAB 4 dan 5
Next : Selesai BAP SemPro  dan Draft Semhas",,,
122450085,Danang Hilal Kurniawan,2021,6285758064939,"Linda Rassiyanti, S.Si., M.Si.","Yoga Aji Sukma, S.Mat., M.Stat.",,,,Belum Sempro,,"Progres : Sudah daftar Sempro
Next : Sempro lama banget","Progres : Persiapan Sempro
Next : Sempro tanggal 21","Progres : Pelaksanaan Sempro
Next : Laporan revisi dan BAP",
122450086,Kayla Amanda Sukma,2021,6281279096337,"Yuliana, S.Pd., M.Cs.","Tirta Setiawan, S.Pd., M.Si.","Mika Alvionita S, S.Si., M.Si.",,,Sudah Sempro,,"Progres : Sudah daftar Semhas
Next : Semhas","Progres : SemHas
Next : Revisi",,
122450087,FERYADI YULIUS,2021,6285357552080,"Ahmad Luky Ramdani, S.Komp., M.Kom.","Dr. Esa Prakasa, S.T., M.T.","Christyan Tamaro Nadeak, S.Si., M.Si.",,,Sudah Sempro,,"Progres : Sudah Semhas
Next : Revisi Semhas",,,
122450088,REYNALDI RAHMAD,2021,6282185800297,"Ade Lailani, S.Si., M.Si.","Fajri Farid, S.Si., M.Sc.",,,,Belum Sempro,,"Progres : Fix penelitian
Next : Penulisan Sempro",,,
122450089,Naufal Fakhri,2021,6281314805939,"Yuliana, S.Pd., M.Cs.","Yusni Puspha Lestari, S.T., M.Si.","Ahmad Luky Ramdani, S.Komp., M.Kom.",,,Sudah Sempro,,"Progres : BAP Sempro selesai, bab 4 dan coding selesai, bimbingan belum
Next : Laporan bimbingan dengan Pembimbing 1 dan 2",,,
122450091,TOBIAS DAVID MANOGARI,2021,6285880151533,"Linda Rassiyanti, S.Si., M.Si.","Ardika Satria, S.Si., M.Si.",,,,Belum Sempro,,"Progres : Belum bimbingan
Next : Bimbingan Final ke P1 dan ke P2",,,
122450095,CHEVANDO DAFFA PRAMANDA,2021,6282375382660,"Christyan Tamaro Nadeak, S.Si., M.Si.","M. Syamsuddin Wisnubroto, S.Si., M.Si.",,,,Belum Sempro,,"Progres : Penulisan BAB 1
Next : Finalisasi BAB 1 dan BAB 2",,,
122450098,ULIANO WILYAM PURBA,2021,6289635945943,"Ade Lailani, S.Si., M.Si.","Febri Dwi Irawati, S.Si., M.Si.",,,,Belum Sempro,,"Progres : Draft Sempro sudah selesai
Next : Finalisasi ke pembimbing 2",,,
122450100,IBRAHIM AL KAHFI,2021,6289634210156,"Ade Lailani, S.Si., M.Si.","Rohmi Dyah Astuti, S.Si., M.Cs.",,,,Sudah Sempro,,"Progres : BAP Sempro selesai
Next : Laporan proses coding dan Penulisan BAB 4",,,
122450101,M. DERIANSYAH OKUTRA,2021,6282278529834,"Ira Safitri, S.Si., M.Si., M.Sc.","Rumadi, S.T., M.T.",,,,Belum Sempro,,"Progres : Sudah daftar Sempro
Next : Pelaksanaan Sempro","Progres : Pelaksanaan SemPro
Next : Revisi SemPro",,
122450102,Daris Samudra,2021,6282111696628,"Linda Rassiyanti, S.Si., M.Si.","Rohmi Dyah Astuti, S.Si., M.Cs.",,,,,"Pernah cuti semeter 6, 15 SKS","Progres : Sudah daftar Sempro
Next : Persiapan mental","Progres : Persiapan semhas
Next : Sempro","Progres : Pelaksanaan Sempro
Next : Hasil revisi",
122450103,RUT JUNITA SARI SIBURIAN,2021,6285271962028,"Luluk Muthoharoh, S.Si., M.Si.","Linda Rassiyanti, S.Si., M.Si.","Yuliana, S.Pd., M.Cs.",,,Sudah Sempro,,"Progres: sempro bulan April, BAP sudah, Penulisan dan hasil sudah, terdapat revisi di evaluasi, Pbb sudah >6, ke Pbb 2 baru 1 kali bimbingan
Next: ke Pbb 1 menampilkan revisi dan ke Pbb 2 untuk penulisan",,,
122450104,NOVELIA ADINDA,2021,6285715118856,"Yuliana, S.Pd., M.Cs.","Rian Kurnia, S.Si., M.Si.","Mika Alvionita S, S.Si., M.Si.",,,Sudah Sempro,,"Progres: Sempro bulan Juni, BAP sudah selesai, dari Pbb 2 masih ada revisi, penulisan lampiran
Next: Revisi ke Pbb 2 penulisan Bab 4, daftar semhas",,,
122450107,FERDY KEVIN NAIBAHO,2021,6281263549073,"Linda Rassiyanti, S.Si., M.Si.","Ahmad Luky Ramdani, S.Komp., M.Kom.",,,,Belum Sempro,,"Progres: smt lalu ngambil sempro, masih ada MK ngulang smt depan, TA smt depan, draft sudah, tapi ada pr di pemahaman proposal, Pbb 1 sudah bimbingan 6 kali, Pbb 2 baru 1 kali, dari Pbb 1 sudah bisa sempro
Next: Fokus mahamin metode dan bimbingan Pbb 2",,,
122450108,ANDRE HADIMAN ROTUA PARHUSIP,2021,628118519777,"Christyan Tamaro Nadeak, S.Si., M.Si.","Linda Rassiyanti, S.Si., M.Si.",,,,Belum Sempro,,,,,
122450109,Sahid Maulana,2021,6289505121002,"M. Syamsuddin Wisnubroto, S.Si., M.Si.","Fitri Nurjanah, S.Si., M.Mat.",,,,Belum Sempro,,"Progres : Penulisan Draft SemPro
Next : Finalisasi Draft Sempro",,,
122450111,Syalaisha Andini Putriansyah,2021,62895401010940,"Ira Safitri, S.Si., M.Si., M.Sc.","Linda Rassiyanti, S.Si., M.Si.",,,,Belum Sempro,,"Progres: bimbingan ke bu ira 4 kali, dan Pbb 2 baru 1 kali, data sudah, penulisan sudah sampai bab 3, gambar pipeline belum.  
Next: Bimbingan ke Pbb 1 dan Pbb 2 terkait revisi",,,
122450112,RENDRA EKA PRAYOGA,2021,6282249548133,"Christyan Tamaro Nadeak, S.Si., M.Si.","Yusni Puspha Lestari, S.T., M.Si.","Febri Dwi Irawati, S.Si., M.Si.",,,Sudah Sempro,,"Progres : semhas tgl 16 sep, sks kurang, ngambil sistensi
Next:  Fokus ke menuhin sks, menunggu nilai, revisi semhas",,,
122450113,Aditya Rahman,2021,6281279339049,"Mika Alvionita S, S.Si., M.Si.","Triyana Muliawati, S.Si., M.Si.","Christyan Tamaro Nadeak, S.Si., M.Si.",,,Sudah Sempro,,,,,
122450114,AKMAL FAIZ ABDILLAH,2021,6281278258050,"Ade Lailani, S.Si., M.Si.","Vina Nurmadani, S.Mat., M.Si.","Christyan Tamaro Nadeak, S.Si., M.Si.",,,Sudah Sempro,,"Progres : BAP Sempro sudah, sudah menyerahkan draft TA ke Pembimbing 1
Next : Penulisan BAB 4 ke P1 dan P2",,,
122450115,SMERTNIKI JAVID AHMEDTHIAN,2021,6282133928355,"Ade Lailani, S.Si., M.Si.","Tirta Setiawan, S.Pd., M.Si.",,,,Belum Sempro,,"Progres : Sudah final metode dan data
Next : Draft penulisan BAB 1,2,3",,,
122450117,ANWAR MUSLIM,2021,628978262875,"M. Syamsuddin Wisnubroto, S.Si., M.Si.","Ade Lailani, S.Si., M.Si.","Tirta Setiawan, S.Pd., M.Si.",,,Sudah Sempro,,"Progres : Rapihkan penulisan
Next : Selesaikan penulisan dan BAP Penguji",,,
122450118,MIRZAN YUSUF RABBANI,2021,6281210600595,"Linda Rassiyanti, S.Si., M.Si.","Dimas Dwi Randa, S.Kom., M.Kom.",,,,Belum Sempro,,"Progres : Diskusi terkait metode, uji coba coding dahulu ke pembimbing 1
Next : Bimbingan ke Pembimbing 1 dan Pembimbing 2",,,
122450119,MUHAMMAD ZAKY ZAIDDAN,2021,6285640671491,"Tirta Setiawan, S.Pd., M.Si.","Yustida Bellini, S.Kom., M.Kom.",,,,Belum Sempro,,"Progres : Bimbingan ke Pembimbing 1
Next : Laporan Hasil bimbingan ke Pembimbing 1",,,
122450121,Syalaisha Andina Putriansyah,2021,6289653610768,"Luluk Muthoharoh, S.Si., M.Si.","Ardika Satria, S.Si., M.Si.",,,,Belum Sempro,,"Progres: penulisan sudah sampai bab 3, bimbingan ke Pbb 1 dan 2 > 6 kali,  
Next: ke Pbb 1 dan Pbb 2 memberikan draft final",,,
122450122,AMALIA MELANI PUTRI,2021,6281267862044,"Linda Rassiyanti, S.Si., M.Si.","M. Syamsuddin Wisnubroto, S.Si., M.Si.",,,,Belum Sempro,,"Progres : pemahaman kembali teori ke pembimbing 2
Next : Bimbingan dengan pembimbing 2 serta finalisasi draft sempro",,,
122450124,Virdio Samuel Saragih,2021,6285162967373,"Ira Safitri, S.Si., M.Si., M.Sc.","Ardika Satria, S.Si., M.Si.","Mika Alvionita S, S.Si., M.Si.",,,Sudah Sempro,,"Progres : project Insectera, hasil sudah tinggal penulisan, minggu ini sampai minggu depan masih persentasi, bimbingan pak ardika 3 kali lebih 
Next: senin hubungi llpm untuk presentasi, daftar semhas minggu depan",,,
122450125,Nasywa Nur Afifah,2021,6282210833301,"Yuliana, S.Pd., M.Cs.","Ardika Satria, S.Si., M.Si.",,,,Belum Sempro,,"Progres: sudah pernah mengambil sempro, sudah bimbingan 5 kali ke Pbb 1, ada kendala di pemahaman, ke Pbb 2 baru 1 kali, masih mencari topik
Next: Nentuin topik, cari data, kerangka penelitian",,,
122450129,Vira Putri Maharani,2021,628551058655,"Yustida Bellini, S.Kom., M.Kom.","Rohmi Dyah Astuti, S.Si., M.Cs.",,,,,,"Progres: MK ADS mengulang padahal sudah tidak, besok bimbingan ke Pbb 1, sudah mulai penulisan Bab 1 dan 2
Next: Bimbingan ke Pbb 1",,,
122450130,BASTIAN HESKIA SILABAN,2021,62895633403060,"Linda Rassiyanti, S.Si., M.Si.","Fitri Nurjanah, S.Si., M.Mat.",,,,Belum Sempro,,"Progres : Ambil matkul 5 SKS
Next : Konsultasi jurnal rujukan ke Pembimbing 1",,,
122450131,FAYYAZA AQILA SYAFITRI ACHJAR,2021,6285378810193,"Ade Lailani, S.Si., M.Si.","Fitri Nurjanah, S.Si., M.Mat.",,,,Belum Sempro,,"Progres: sudah ngambil sempro smt sebelumnya, ganti metode di smt ini, bimbingan baru  1 kali  (Pbb 1), metode baru dan data baru jadi rombak total, data sudah ada, penulisan baru bab 1
Next: Finalisasi data dan penulisan bab 1 dan 2",,,
122450132,PARDI OCTAVIANDO,2021,6285173444166,"M. Syamsuddin Wisnubroto, S.Si., M.Si.","Yoga Aji Sukma, S.Mat., M.Stat.",,,,Belum Sempro,,"Progres : Draft SemPro selesaikan
Next : Draft Sempro Selesai",,,
122450133,Dhafin Razaqa Luthfi,2021,6289530824102,"Linda Rassiyanti, S.Si., M.Si.","Indah Suciati, S.Mat., M.Mat.",,,,Belum Sempro,,"Progres : Progres penulisan sempro
Next : Finalisasi jurnal dan BAB 1",,,
122450138,Ahmad Rizqi,2021,6282287754194,"Ade Lailani, S.Si., M.Si.","Dewi Indra Setiawan, S.Si., M.Si.",,,,Belum Sempro,,"Progres : Sudah ACC Sempro
Next : Mengurus Daftar Sempro","Progres : Selesai daftar dan Pemberkasan
Next : Sempro","Progres : Sempro
Next : Laporan Revisi",
122450139,Nabila Zakiyah Zahra,2021,6281540804249,"Linda Rassiyanti, S.Si., M.Si.","Mika Alvionita S, S.Si., M.Si.","Christyan Tamaro Nadeak, S.Si., M.Si.",,,Sudah Sempro,,,,,
122450140,Rafly Prabu Darmawan,2021,6281271328125,"Ade Lailani, S.Si., M.Si.","Luluk Muthoharoh, S.Si., M.Si.",,,,Belum Sempro,,,,,
122450141,Diana Syafithri,2021,6282279912276,"Ade Lailani, S.Si., M.Si.","Fajri Farid, S.Si., M.Sc.","Ira Safitri, S.Si., M.Si., M.Sc.",,,Sudah Sempro,,"Progres : Menyelesaikan coding dan bab 4
Next : BAP Sempro, bimbingan ke pembimbing 1",,,
122450142,Rafa Aqilla Jungjunan,2021,6282173230355,"Christyan Tamaro Nadeak, S.Si., M.Si.","Rian Kurnia, S.Si., M.Si.",,,,Belum Sempro,,,,,
120450062,Queena Aurora Batubara,2022,‪6288219758365‬,"Christyan Tamaro Nadeak, S.Si., M.Si.","Luluk Muthoharoh, S.Si., M.Si.","Tirta Setiawan, S.Pd., M.Si.",,,Semhas Mei,,"Progres : ACC Semhas 11 September
Next : Revisi Seminar Hasil",,,
120450019,KHOLISATURROHMAH,2022,6285279852167,"M. Syamsuddin Wisnubroto, S.Si., M.Si.","Linda Rassiyanti, S.Si., M.Si.",,,,Masih Kuliah,KHOLISATURROHMAH,,,,
120450004,Alem Ardemi,2022,‪6285817743940‬,"Christyan Tamaro Nadeak, S.Si., M.Si.","Tirta Setiawan, S.Pd., M.Si.",,,,Belum Sempro,,"Next : Proposal sudah ACC, daftar sempro.
Next : sudah ada tanggal sempronya",,,
120450022,FIKRI DWI ALPIAN,2022,‪6282388137794‬,"Luluk Muthoharoh, S.Si., M.Si.","Mika Alvionita S, S.Si., M.Si.","Christyan Tamaro Nadeak, S.Si., M.Si.",,,Belum Semhas,,"Progres : Bimbingan ke P2
Next : ACC dari P2 dan Penguji",,Daftar Semhas,
120450007,NADHEA ALLYA MAHARANI,2022,6282282465445,"Christyan Tamaro Nadeak, S.Si., M.Si.","Tirta Setiawan, S.Pd., M.Si.","Yuliana, S.Pd., M.Cs.",,,Mau Semhas Mei,,"Progres : Cari tanggal + daftar
Next : -",Semhas,,
120450102,CORNEL SILAEN,2022,‪6282278660066‬,"Tirta Setiawan, S.Pd., M.Si.","Luluk Muthoharoh, S.Si., M.Si.","Mika Alvionita S, S.Si., M.Si.",,,baru Sempro,,"Progres : Perbaikan Draft Semhas
Next : Selesai draft Semhas, daftar semhas",Daftar Semhas,,
120450030,WISNU WASIS SAPUTRA,2022,6282282728836,"Luluk Muthoharoh, S.Si., M.Si.","Tirta Setiawan, S.Pd., M.Si.","Mika Alvionita S, S.Si., M.Si.",,,Baru Sempro,https://drive.google.com/file/d/14QH5GOOrAKoUZ3xD67rYlKpDzF6eZwPv/view?usp=drive_link,,,,
120450018,GREGORIUS GAMA ABI SURYA,2022,6282278062695,"Tirta Setiawan, S.Pd., M.Si.","Mika Alvionita S, S.Si., M.Si.","Ira Safitri, S.Si., M.Si., M.Sc.",,,Sudah Sempro,Sakit Hemofilia,"Progres : Coding dan Nulis 50%
Next : Finalisasi Coding",,Next : Semhas,
120450017,Marhanny Zahra Nurendra,2022,,"Tirta Setiawan, S.Pd., M.Si.","Luluk Muthoharoh, S.Si., M.Si.","Mika Alvionita S, S.Si., M.Si.",,,Baru Sempro Desember 2024,,,,,
121450007,DEDE MASITA,2022,6282285469795,"Ahmad Luky Ramdani, S.Komp., M.Kom.","Fajri Farid, S.Si., M.Sc.","Luluk Muthoharoh, S.Si., M.Si.",,,Sudah Sempro,,"Progres : Revisi ke Pak Luky, Coding Selesai, Bab 1-3 kurang sempurna
Next : Pelajari Teori atau Isi TA belum Paham",,,
121450014,GEDE MOENA,2022,‪6281291786941‬,"Christyan Tamaro Nadeak, S.Si., M.Si.","Yuliana, S.Pd., M.Cs.","Ahmad Luky Ramdani, S.Komp., M.Kom.",,,Sudah Sempro,,"Progres : Sempro terakhir di januari, sudah bimbingan dengan pak tamaro sudah 5 kali, 2 kali bimbingan lagi akan ke pembimbing 2 
Next : Semhas (bulan oktober)",,,
121450020,MARSHANDA PUTRI PRASETYA,2022,6287727746595,"Tirta Setiawan, S.Pd., M.Si.","Yuliana, S.Pd., M.Cs.",,,,Belum Sempro,,"Progres : 14 Sempro
Next : BAP Revisi Sempro",,,
121450030,Pramudya Wibowo,2022,‪6285764173923‬,,,,,,Belum Sempro,,"Progres : jumlah SKS saat ini : 124 SKS, rencana mengambil mata kuliah TA di semester 12, 
Next : -",,,
121450045,Muhammad Rendy Saputra,2022,,,,,,,Belum Sempro,,,,,
121450047,LION ABDI MARGA,2022,6281380971759,"Ade Lailani, S.Si., M.Si.","Dimas Dwi Randa, S.Kom., M.Kom.",,,,Belum Sempro,,"Progres : mhs nya malas bimbingan, sudah ketemu P1 menentukan topik, 
Next : ada draft proposal",,,
121450048,MUHAMMAD HANIF FAROS,2022,6281532924363,,,,,,Belum Sempro,,,,,
121450050,PUTRI MAULIDA CHAIRANI,2022,6281365849847,"Luluk Muthoharoh, S.Si., M.Si.","Ira Safitri, S.Si., M.Si., M.Sc.",,,,Belum Sempro,,"Progress : Draft nya sudah selesai sampai bab 2
Next : Sempro, (rencana sebelum UTS)",,,
121450054,NADIA SILVANI,2022,6289507959327,"Luluk Muthoharoh, S.Si., M.Si.","Linda Rassiyanti, S.Si., M.Si.","Ira Safitri, S.Si., M.Si., M.Sc.",,,Sudah Sempro,,"Progres : Coding, Penulisan
Next : Laporan Penulisan",,,
121450062,Erwan Arief,2022,6282340189456,"M. Syamsuddin Wisnubroto, S.Si., M.Si.","Dewi Indra Setiawan, S.Si., M.Si.",,,,Belum Sempro,,"Progress: Mencari referensi Judul, 
Next : Ketemu dengan Pembimbing 1",,,
121450072,CATHERINE FIRDHASARI MAULINA SINAGA,2022,6283838396646,"Christyan Tamaro Nadeak, S.Si., M.Si.","Ade Lailani, S.Si., M.Si.","Luluk Muthoharoh, S.Si., M.Si.",,,Sudah Sempro,,"Progres : Acc terakhir 
Next : Daftar SemHas kepastian tanggal",,,
121450079,Dwi Sulistiani,2022,6287751401946,"Tirta Setiawan, S.Pd., M.Si.","Dimas Dwi Randa, S.Kom., M.Kom.",,,,Belum Sempro,,,,,
121450080,YUNAENA MAR`ATUL KIROM,2022,6285658777828,"Febri Dwi Irawati, S.Si., M.Si.","Rohmi Dyah Astuti, S.Si., M.Cs.","Mika Alvionita S, S.Si., M.Si.",,,Sudah Sempro,,"Progres : Menyelesaikan codingan, yang sebelumnya hasil evaluasi masih kurang baik dan sekarang sedang mencoba memperbaiki data dan untuk hasilnya sudah lebih baik dari minggu lalu namun masih ingin dilakukan beberapa kali percobaan lagi agar mendapatkan hasil yang jauh lebih baik, untuk penulisan nya sendiri dibab 4 sudah menyicil juga bagian awalnya
Next : Menyelesaikan codingan, target minggu depan selesai untuk penulisan dan mendaftar semhas",,,
121450097,AFIFAH SYAHARANI,2022,6287797092305,"Luluk Muthoharoh, S.Si., M.Si.","Lita Lianti, S.T., M.Sc.",,,,Belum Sempro,,,,,
121450100,HELMA LIA PUTRI,2022,6285841872118,"Christyan Tamaro Nadeak, S.Si., M.Si.","Rohmi Dyah Astuti, S.Si., M.Cs.","Yuliana, S.Pd., M.Cs.",,,Sudah Sempro,,"Progres : BAB 4, Coding Selesai
Next : Bimbingan Finalisasi 2x Pertemuan Lagi",,,
121450103,AUDREY RIBKA DESMONDA MANIHURUK,2022,6287888748895,"Mika Alvionita S, S.Si., M.Si.","Yuliana, S.Pd., M.Cs.","Linda Rassiyanti, S.Si., M.Si.",,,Sudah Sempro,,"Progres : Penyelesaian BAB 4, tinggal ke P2
Next : Selesaikan ke P1 dan P2",,,
121450116,PUTRI DURROTUL SHOPIA,2022,6281368355209,"Yuliana, S.Pd., M.Cs.","Fitri Nurjanah, S.Si., M.Mat.",,,,Belum Sempro,,"Progress : Proposal sudah selesai, tapi ada revisi, 
Next : Sempro (bulan september )",,,
121450126,KIWIT NOVITASARI,2022,6281373938153,"M. Syamsuddin Wisnubroto, S.Si., M.Si.","Rian Kurnia, S.Si., M.Si.",,,,Belum Sempro,,"Progres : Sudah daftar Sempro
Next : Seminar Proposal 14 Sept","Progres : SemPro 14
Next : Revisi Sempro",,
121450136,ADISTY SYAWALDA ARIYANTO,2022,‪6282377198091‬,"Ade Lailani, S.Si., M.Si.","Yusni Puspha Lestari, S.T., M.Si.",,,,Belum Sempro,,"Progres : Kuliah 2 SKS, P1 selesai, P2 progres
Next : Finalisasi ke P2","Progres : Selesai Perbaikan Penulisan di BAB 1 & 2
Next : Perbaikan Penulisan di BAB 2 & 3",,
121450138,LIA ALYANI,2022,6282282095607,"Ira Safitri, S.Si., M.Si., M.Sc.","Yustida Bellini, S.Kom., M.Kom.",,,,Belum Sempro,,"Progress : Draft nya sudah sampai bab 3 , mau ketemu dosen P2
Next : Sempro (bulan Septemaber)",,,
121450140,IMA ALIFAH IZATI ZALFA,2022,,"Christyan Tamaro Nadeak, S.Si., M.Si.","Fajri Farid, S.Si., M.Sc.",,,,Belum Sempro,,"Progres : Penambahan detail dokumen Sempro
Next : Hasil ke P1 dan Ke P2",,,
121450145,MAYADA,2022,6285171580308,"Yuliana, S.Pd., M.Cs.","Ahmad Luky Ramdani, S.Komp., M.Kom.",,,,Belum Sempro,,"Progres : Kuliah 17 SKS
Next : Bimbingan SemPro",,,
121450152,LULU CHRISTIN SIHOMBING,2022,6282273474588,"Christyan Tamaro Nadeak, S.Si., M.Si.","Tirta Setiawan, S.Pd., M.Si.","M. Syamsuddin Wisnubroto, S.Si., M.Si.",,,Sudah Sempro,,"Progres : BAP Sempro dan Progres Coding ke P1
Next : BAP Sempro Selesai dan fokus ke P1 dan P2",,,
121450161,JIHAN PUTRI YANI,2022,‪6282183021387‬,,,,,,Belum Sempro,,"Progres : Kuliah 20 SKS
Next : -","Progres : Kuliah 20 SKS
Next : -","Progres : Kuliah 20 SKS
Next : -","Progres : Kuliah 20 SKS
Next : -"
122450003,KARTINI LOVIAN SIMBOLON,2022,6281285256067,"M. Syamsuddin Wisnubroto, S.Si., M.Si.","Indah Suciati, S.Mat., M.Mat.","Linda Rassiyanti, S.Si., M.Si.",,,Sudah Sempro,,"Progres: Sempro bulan Juli, kendala di model karena kurang bagus, sudah bimbingan dengan Pbb 1 kali, BAP masih ke Pbb 1, belum mulai nulis
Next: Bimbingan ke Pbb 1 terkait model dan BAP ke Pbb 2 dan Penguji",,,
122450005,ASA DOA UYI,2022,6282279096323,"Linda Rassiyanti, S.Si., M.Si.","Indah Suciati, S.Mat., M.Mat.",,,,Belum Sempro,,"Progres: data sudah di acc (ada pergantian data), finalisasi BAB 1,  bimbingan denga pbbb 1 >6 kali
Next: bimbingan untuk penulisan bab 1 dan 2","Progres : Telah bimbingan ke dosen pembimbing 1
Next :",,
122450006,SITI NUR AARIFAH,2022,6288286496048,"M. Syamsuddin Wisnubroto, S.Si., M.Si.","Dewi Indra Setiawan, S.Si., M.Si.","Linda Rassiyanti, S.Si., M.Si.",,,Sudah Sempro,,"Progres : Revisi dengan pembimbing 2
Next : Selesaikan dengan pembimbing 2","Progres : Daftar Semhas
Next : Seminat Hasil",,
122450007,MUHAMMAD BAYU SYUHADA,2022,6282175436344,"Yuliana, S.Pd., M.Cs.","Fajri Farid, S.Si., M.Sc.",,,,Belum Sempro,,"Progres : Finalisasi Metode
Next : Sudah Final Data dan Metode",,,
122450008,DWI RATNA ANGGRAENI,2022,6282375754362,"Mika Alvionita S, S.Si., M.Si.","Yustida Bellini, S.Kom., M.Kom.","Linda Rassiyanti, S.Si., M.Si.",,,Sudah Sempro,,"Progres : Finalisasi coding, hampir selesai bab 4
Next : BAP Sempro dan finalisasi BAB 4",,,
122450010,KHOIRUL MIZAN ABDULLAH,2022,6285174120640,"Ade Lailani, S.Si., M.Si.","Indah Suciati, S.Mat., M.Mat.","Yuliana, S.Pd., M.Cs.",,,Sudah Sempro,,"Progres : dataset masih banyak yg korupt, solusi data menggunakan sedikit,  komputasi menggunakan collab memakan waktu yang lama beralih ke kaglle, hasil training tidak ada, BAP fiksasi, baru 1 kali bimbingan
Next: fokus ke BAP dan Pbb 1, nyoba komputasi ke lab",,,
122450011,MEIRA LISTYANINGRUM,2022,6283172664109,"Yuliana, S.Pd., M.Cs.","Rian Kurnia, S.Si., M.Si.",,,,Belum Sempro,,"Progres: revisi bab 1-3 ke Pbb 1, bimbingan sudah 7 kali (Pbb1) 
Next: Bimbingan revisi bab 1-3",,,
122450015,JACLIN ALCAVELLA,2022,6281440002147,"Mika Alvionita S, S.Si., M.Si.","Yoga Aji Sukma, S.Mat., M.Stat.","M. Syamsuddin Wisnubroto, S.Si., M.Si.",,,Sudah Sempro,,"Progres : Sudah acc untuk semhas ke pembimbing
Next : Daftar Semhas",,,
122450016,KEMAS VERIANDRA RAMADHAN,2022,6281311297969,"Ira Safitri, S.Si., M.Si., M.Sc.","Ardika Satria, S.Si., M.Si.","Ahmad Luky Ramdani, S.Komp., M.Kom.",,,Sudah Sempro,,"Progres: BAP ke dosen pbb, kendala di data belum jelas untuk project Insecta, paling buruknya menggunakan data sintesis, belum bimbingan ke Pbb 1 dan Pbb 2 karena jadwal belum ketemu, sudah mulai nulis
Next : BAP dan konfirmasi data",,,
122450018,NAWWAF ABDURRAHMAN,2022,,"Ira Safitri, S.Si., M.Si., M.Sc.","Ardika Satria, S.Si., M.Si.","Yuliana, S.Pd., M.Cs.",,,Sudah Sempro,,,,,
122450021,LISA DIANI AMELIA,2022,6283862370500,"Ade Lailani, S.Si., M.Si.","Yusni Puspha Lestari, S.T., M.Si.",,,,Belum Sempro,,"Progres: Sempro tgl 22 September, fokus seminar, sudah mulai mengerjakan hasil, masih MK ada 3 MK yg diambil
Next: revisi draft setelah seminar",,,
122450023,CYNTIA KRISTINA SIDAURUK,2022,6283132034836,"M. Syamsuddin Wisnubroto, S.Si., M.Si.","Rohmi Dyah Astuti, S.Si., M.Cs.",,,,Belum Sempro,,"Progres : Hasil 
Next : -",,,
122450027,RAID MUHAMMAD NAUFAL,2022,628877325774,"M. Syamsuddin Wisnubroto, S.Si., M.Si.","Dr. Esa Prakasa, S.T., M.T.","Luluk Muthoharoh, S.Si., M.Si.",,,Sudah Sempro,,"Progres : Coding sudah selesai
Next : BAP Proposal selesai, finalisasi BAB 1,2,3",,,
122450028,UKASYAH MUNTAHA,2022,6285172181821,"Ade Lailani, S.Si., M.Si.","Ardika Satria, S.Si., M.Si.","Febri Dwi Irawati, S.Si., M.Si.",,,Sudah Sempro,,"Progres : Sudah daftar Semhas
Next : Semhas","Progres : Proses Semhas
Next : Hasil Revisi",,
122450029,NABIILAH PUTRI KARNAIA,2022,62895332186920,"Ade Lailani, S.Si., M.Si.","Dewi Indra Setiawan, S.Si., M.Si.",,,,Belum Sempro,,"Progres : Ganti topik dan finalisasi topik dan dataset
Next : Penulisan BAB 1,2,3",,,
122450030,RANI PUSPITA SARI,2022,,"Christyan Tamaro Nadeak, S.Si., M.Si.","M. Syamsuddin Wisnubroto, S.Si., M.Si.",,,,Belum Sempro,,,,,
122450033,ALLYA NURUL ISLAMI PASHA,2022,6282382245954,"Linda Rassiyanti, S.Si., M.Si.","Mika Alvionita S, S.Si., M.Si.",,,,Belum Sempro,Masih ada kuliah 19 SKS,"Progres : Belum bimbingan
Next : Bimbingan terkait jurnal",,,
122450034,KHAALISHAH ZUHRAH ALYAA VANEFI,2022,6281927981278,"Yuliana, S.Pd., M.Cs.","Ade Lailani, S.Si., M.Si.","Christyan Tamaro Nadeak, S.Si., M.Si.",,,Sudah Sempro,,"Progres : Penyelesaian code dan penulisan
Next : Penulisan BAB 4 selesai dan review coding",,,
122450037,NAJLA JUWAIRIA,2022,6282267499265,"Ade Lailani, S.Si., M.Si.","Yuliana, S.Pd., M.Cs.",,,,Belum Sempro,,"Progres: fiksasi topik, data, dan metode, penulisan bab 1, bimbingan sudah 3 kali ke Pbb 1, bulan lalu laptop rusak sekarang aman, kendala ganti topik sebelumnya
Next: Bimbingan pengumpulan draft kasar 1-3",,,
122450039,KHOIRUL ANAM,2022,6289632152848,"Linda Rassiyanti, S.Si., M.Si.","M. Syamsuddin Wisnubroto, S.Si., M.Si.",,,,Belum Sempro,11 SKS,"Progres :  Penulisan BAB 1 dan finalisasi coding
Next : Penulisan untuk Sempro + ujicoba coding",,,
122450040,TESSA KANIA SAGALA,2022,6283837934118,"Linda Rassiyanti, S.Si., M.Si.","Vina Nurmadani, S.Mat., M.Si.","Mika Alvionita S, S.Si., M.Si.",,,Sudah Sempro,,"Progres : Mengurus SemHas
Next : Daftar by sistem semhas",,Progres : Pelaksanaan Semhas,
122450041,OKTAVIA NURWINDA PUSPITASARI,2022,628981871042,"Linda Rassiyanti, S.Si., M.Si.","Mika Alvionita S, S.Si., M.Si.",,,,Belum Sempro,,"Progres: masih ada 3 MK yg harus diambil karena IPK belum memenuhi, Pbb 1 sudah > 6 pada smt sebelumnya, Pbb 2 baru 2 kali bimbingan, pemahaman materi, proposal masih revisi
Next: Menjelaskan terkait rumus dan revisi Bab 2 ke Pbb 2",,,
122450042,ABIT AHMAD OKTARIAN,2022,6289602607885,"Ade Lailani, S.Si., M.Si.","Yoga Aji Sukma, S.Mat., M.Stat.",,,,Belum Sempro,,"Progres : Penyusunan Draft Sempro tinggal hasil sementara
Next : Daftar Sempro",,,
122450044,AHMAD SAHIDIN AKBAR,2022,6282281808595,"Ade Lailani, S.Si., M.Si.","Rian Kurnia, S.Si., M.Si.","Ira Safitri, S.Si., M.Si., M.Sc.",,,Sudah Sempro,,"Progres : BAP Selesai
Next : Laporan progres codingan",,,
122450045,EKA FIDIYA PUTRI,2022,6288276629391,"Yuliana, S.Pd., M.Cs.","Febri Dwi Irawati, S.Si., M.Si.",,,,Belum Sempro,,"Progres: smt depan masih ada MK ngulang, jadi TA di smt depan, Pbb 1 sudah 3 kali, ke Pbb 2 belum, masih nulis bab 1
Next: Bimbingan ke Pbb1 dan Pbb2 untuk Bab 1",,,
122450046,VITA ANGGRAINI,2022,62895330784749,"Linda Rassiyanti, S.Si., M.Si.","Febri Dwi Irawati, S.Si., M.Si.",,,,Belum Sempro,,"Progres : Data, Metode sudah Fix, tinggal ke P2
Next : Minggu depan Daftar SemPro",,,
122450047,MUTIARA DIAN PITALOKA,2022,6289514083652,"Christyan Tamaro Nadeak, S.Si., M.Si.","Fajri Farid, S.Si., M.Sc.","Ade Lailani, S.Si., M.Si.",,,Sudah Sempro,,"Progres: Sempro bulan Juni, masih ngerjain BAP ada revisi di BAB 3, codingan selesai, laptop sedang rusak, (gantian dengan teman) 
Next: BAP ke Pbb 1",,,
122450048,DAVID BOBY C. NAINGGOLAN,2022,6281262529351,"Mika Alvionita S, S.Si., M.Si.","Rohmi Dyah Astuti, S.Si., M.Cs.",,,,,,"Progres: belum bimbingan, topik  dan data sudah, kendala di metode, total 147 sudah dengan TA
Next: Bimbingan ke Pbb 1, bahas topik",,,
122450052,NISRINA NUR AFIFAH,2022,6281213425392,"Luluk Muthoharoh, S.Si., M.Si.","Vina Nurmadani, S.Mat., M.Si.",,,,Belum Sempro,,"Progres : Revisi persiapan sempro
Next : Finalisasi draft sempro",,,
122450053,PRISKA SILVIA FERANTIANA,2022,62895417658143,"Mika Alvionita S, S.Si., M.Si.","Yoga Aji Sukma, S.Mat., M.Stat.","Luluk Muthoharoh, S.Si., M.Si.",,,Sudah Sempro,,"Progres : Finalisasi penulisan coding dan mulai BAB 4
Next : Selesaikan BAP Sempro",,,
122450055,SALWA FARHANATUSSAIDAH,2022,6281274808007,"Yuliana, S.Pd., M.Cs.","Dewi Indra Setiawan, S.Si., M.Si.",,,,Belum Sempro,,"Progres: Sempro sudah diambil si smt sebelumnya, penulisan Bab 2, Bab 1 sudah, ganti data dan metode, bimbingan 4 kali dengan Pbb1, masih ngambil MK smt ini, 
Next: Bimbingan bab 2",,,
122450058,ADIL AULIA RAHMA NURHIDAYAH,2022,625783862272,"Linda Rassiyanti, S.Si., M.Si.","Indah Suciati, S.Mat., M.Mat.",,,,Belum Sempro,"Cuti semester 4, 5 SKS","Progres : Final pembimbing 1 dan 2
Next : Daftar Sempro",,,
122450059,NATHANAEL DANIEL SANTOSO,2022,,,,,,,,,,,,
122450060,ANNISA KOMALASARI,2022,,,,,,,,,,,,
122450061,KHARISA HARVANNY,2022,62895422090840,"Linda Rassiyanti, S.Si., M.Si.","Rian Kurnia, S.Si., M.Si.",,,,Belum Sempro,,"Progres : Belum bimbingan
Next : Laporan jurnal dan finalisasi metode",,,
122450064,ELI DWI PUTRA BEREMA,2022,62895337652217,"Christyan Tamaro Nadeak, S.Si., M.Si.","Fitri Nurjanah, S.Si., M.Mat.",,,,Belum Sempro,,"Progres: Sudah bimbingan ke Pbb 1, sebanyak 4 kali,, data masih ada sedikit problem, ada tambahan di metode dari Pbb 1, komparasi metode
Next: Penulisan proposal",,,
122450065,BERLIANA ENDA PUTRI,2022,6288271560855,"Ahmad Luky Ramdani, S.Komp., M.Kom.","Ardika Satria, S.Si., M.Si.","Ade Lailani, S.Si., M.Si.",,,Sudah Sempro,,"Progres : Finalisasi Pak Luky dan Bu Ade
Next : Finalisasi Pak Luky",,,
122450066,CINTYA BELLA,2022,6289626047340,"Ade Lailani, S.Si., M.Si.","Ahmad Luky Ramdani, S.Komp., M.Kom.",,,,Belum Sempro,,"Progres: sempro sudah diambil smt sebelumnya, metode, topik dan dataset sudah ada, penulisan bab 1-3, 
Next: Bimbingan Bab 1-3",,,
122450068,AZIZAH KUSUMAH PUTRI,2022,6285826270490,"Yuliana, S.Pd., M.Cs.","Ardika Satria, S.Si., M.Si.",,,,Belum Sempro,,"Progres: kendala berubah terus metodenya, penulisan sudah sampai bab 3 tapi masih ada revisi, sudah bimbingan 6 klai (pbb 1) dan 1 kali (Pbb 2)
Next: Bimbingan revisi bab 1-3 ke Pbb 1 dan 2",,,
122450069,Hermawan Manurung,2022,6282213388825,"Luluk Muthoharoh, S.Si., M.Si.","Ade Lailani, S.Si., M.Si.","Ahmad Luky Ramdani, S.Komp., M.Kom.",,,Sudah Sempro,,"Progres : Tinggal menunggu acc pembimbing 2
Next : Bimbingan dengan pembimbing 2",,,
122450070,Renta Siahaan,2022,6282274029220,"Linda Rassiyanti, S.Si., M.Si.","Yustida Bellini, S.Kom., M.Kom.",,,,Belum Sempro,,"Progres: Bab 1-3 sudah selesai, sudah 6 kali ke Pbb 1, Pbb 2 baru 1 kali,
Next: Revisi drfat dari Pbb 2",,,
122450071,Safitri,2022,6285841750647,"Luluk Muthoharoh, S.Si., M.Si.","Vina Nurmadani, S.Mat., M.Si.",,,,Belum Sempro,,"Progres: sudah pernah ngambil sempro di smt sebelumnya, Pbb 1 (3 kali), bab 3 belum selesai penulisannya, kendala udah ngekos PP dari Lamteng (2 jam) orang tua sebelumnya sakit, perhitungan dan kodingan sudah selesai
Next: Bimbingan ke Pbb 1 finalisasi Bab 1,2,3",,,
122450073,GANIYA SYAZWA,2022,6281325644388,"Yuliana, S.Pd., M.Cs.","Ade Lailani, S.Si., M.Si.","Febri Dwi Irawati, S.Si., M.Si.",,,Sudah Sempro,,"Progres: Sempro bulan Juni, kemarin sakit, stuck di bagian kodingan, BAP sudah, penulisan baru sedikit
Next : minggu ini selesain kodingan, nemuin Pbb 1",,,
122450075,Dearni monica Br Manik,2022,6282272751838,"Yuliana, S.Pd., M.Cs.","Dewi Indra Setiawan, S.Si., M.Si.","Tirta Setiawan, S.Pd., M.Si.",,,Sudah Sempro,,"Progres: sudah menulis bab 4 dan 5, minggu ini perbaikan bab 4 dan 5, baru 1 kali bimbingan, BAP sudah
Next: bimbingan ke Pbb 1",,,
122450078,KHUSNUN NISA,2022,6289632705233,"Ira Safitri, S.Si., M.Si., M.Sc.","Linda Rassiyanti, S.Si., M.Si.",,,,Belum Sempro,,"Progres : Finalisasi BAB 1, coba coding
Next : Progres penulisan sempro",,,
122450079,RENISHA PUTRI GIANI,2022,6282380805313,"Yusni Puspha Lestari, S.T., M.Si.","Ade Lailani, S.Si., M.Si.",,,,Aktif,https://drive.google.com/file/d/1wUnjSuhgudZd3YHUGT-fdM9i-IG0Iiwg/view?usp=drive_link,,,,
122450082,FADHIL FITRA WIJAYA,2022,6281946978398,"Linda Rassiyanti, S.Si., M.Si.","Luluk Muthoharoh, S.Si., M.Si.",,,,Belum Sempro,,"Progres : Selesai ke Pembimbing 1 dan sudah mulai ke Pembimbing 2
Next : Hasil revisi dari Pembimbing 2",,,
122450083,RANDA ANDRIANA PUTRA,2022,6281213366633,"Ahmad Luky Ramdani, S.Komp., M.Kom.","Yusni Puspha Lestari, S.T., M.Si.","Tirta Setiawan, S.Pd., M.Si.",,,Sudah Sempro,,"Progres : Penulisan BAB 4 dan 5
Next : Selesai BAP SemPro  dan Draft Semhas",,,
122450085,Danang Hilal Kurniawan,2022,6285758064939,"Linda Rassiyanti, S.Si., M.Si.","Yoga Aji Sukma, S.Mat., M.Stat.",,,,Belum Sempro,,"Progres : Sudah daftar Sempro
Next : Sempro lama banget","Progres : Persiapan Sempro
Next : Sempro tanggal 21","Progres : Pelaksanaan Sempro
Next : Laporan revisi dan BAP",
122450086,Kayla Amanda Sukma,2022,6281279096337,"Yuliana, S.Pd., M.Cs.","Tirta Setiawan, S.Pd., M.Si.","Mika Alvionita S, S.Si., M.Si.",,,Sudah Sempro,,"Progres : Sudah daftar Semhas
Next : Semhas","Progres : SemHas
Next : Revisi",,
122450087,FERYADI YULIUS,2022,6285357552080,"Ahmad Luky Ramdani, S.Komp., M.Kom.","Dr. Esa Prakasa, S.T., M.T.","Christyan Tamaro Nadeak, S.Si., M.Si.",,,Sudah Sempro,,"Progres : Sudah Semhas
Next : Revisi Semhas",,,
122450088,REYNALDI RAHMAD,2022,6282185800297,"Ade Lailani, S.Si., M.Si.","Fajri Farid, S.Si., M.Sc.",,,,Belum Sempro,,"Progres : Fix penelitian
Next : Penulisan Sempro",,,
122450089,Naufal Fakhri,2022,6281314805939,"Yuliana, S.Pd., M.Cs.","Yusni Puspha Lestari, S.T., M.Si.","Ahmad Luky Ramdani, S.Komp., M.Kom.",,,Sudah Sempro,,"Progres : BAP Sempro selesai, bab 4 dan coding selesai, bimbingan belum
Next : Laporan bimbingan dengan Pembimbing 1 dan 2",,,
122450091,TOBIAS DAVID MANOGARI,2022,6285880151533,"Linda Rassiyanti, S.Si., M.Si.","Ardika Satria, S.Si., M.Si.",,,,Belum Sempro,,"Progres : Belum bimbingan
Next : Bimbingan Final ke P1 dan ke P2",,,
122450095,CHEVANDO DAFFA PRAMANDA,2022,6282375382660,"Christyan Tamaro Nadeak, S.Si., M.Si.","M. Syamsuddin Wisnubroto, S.Si., M.Si.",,,,Belum Sempro,,"Progres : Penulisan BAB 1
Next : Finalisasi BAB 1 dan BAB 2",,,
122450098,ULIANO WILYAM PURBA,2022,6289635945943,"Ade Lailani, S.Si., M.Si.","Febri Dwi Irawati, S.Si., M.Si.",,,,Belum Sempro,,"Progres : Draft Sempro sudah selesai
Next : Finalisasi ke pembimbing 2",,,
122450100,IBRAHIM AL KAHFI,2022,6289634210156,"Ade Lailani, S.Si., M.Si.","Rohmi Dyah Astuti, S.Si., M.Cs.",,,,Sudah Sempro,,"Progres : BAP Sempro selesai
Next : Laporan proses coding dan Penulisan BAB 4",,,
122450101,M. DERIANSYAH OKUTRA,2022,6282278529834,"Ira Safitri, S.Si., M.Si., M.Sc.","Rumadi, S.T., M.T.",,,,Belum Sempro,,"Progres : Sudah daftar Sempro
Next : Pelaksanaan Sempro","Progres : Pelaksanaan SemPro
Next : Revisi SemPro",,
122450102,Daris Samudra,2022,6282111696628,"Linda Rassiyanti, S.Si., M.Si.","Rohmi Dyah Astuti, S.Si., M.Cs.",,,,,"Pernah cuti semeter 6, 15 SKS","Progres : Sudah daftar Sempro
Next : Persiapan mental","Progres : Persiapan semhas
Next : Sempro","Progres : Pelaksanaan Sempro
Next : Hasil revisi",
122450103,RUT JUNITA SARI SIBURIAN,2022,6285271962028,"Luluk Muthoharoh, S.Si., M.Si.","Linda Rassiyanti, S.Si., M.Si.","Yuliana, S.Pd., M.Cs.",,,Sudah Sempro,,"Progres: sempro bulan April, BAP sudah, Penulisan dan hasil sudah, terdapat revisi di evaluasi, Pbb sudah >6, ke Pbb 2 baru 1 kali bimbingan
Next: ke Pbb 1 menampilkan revisi dan ke Pbb 2 untuk penulisan",,,
122450104,NOVELIA ADINDA,2022,6285715118856,"Yuliana, S.Pd., M.Cs.","Rian Kurnia, S.Si., M.Si.","Mika Alvionita S, S.Si., M.Si.",,,Sudah Sempro,,"Progres: Sempro bulan Juni, BAP sudah selesai, dari Pbb 2 masih ada revisi, penulisan lampiran
Next: Revisi ke Pbb 2 penulisan Bab 4, daftar semhas",,,
122450107,FERDY KEVIN NAIBAHO,2022,6281263549073,"Linda Rassiyanti, S.Si., M.Si.","Ahmad Luky Ramdani, S.Komp., M.Kom.",,,,Belum Sempro,,"Progres: smt lalu ngambil sempro, masih ada MK ngulang smt depan, TA smt depan, draft sudah, tapi ada pr di pemahaman proposal, Pbb 1 sudah bimbingan 6 kali, Pbb 2 baru 1 kali, dari Pbb 1 sudah bisa sempro
Next: Fokus mahamin metode dan bimbingan Pbb 2",,,
122450108,ANDRE HADIMAN ROTUA PARHUSIP,2022,628118519777,"Christyan Tamaro Nadeak, S.Si., M.Si.","Linda Rassiyanti, S.Si., M.Si.",,,,Belum Sempro,,,,,
122450109,Sahid Maulana,2022,6289505121002,"M. Syamsuddin Wisnubroto, S.Si., M.Si.","Fitri Nurjanah, S.Si., M.Mat.",,,,Belum Sempro,,"Progres : Penulisan Draft SemPro
Next : Finalisasi Draft Sempro",,,
122450111,Syalaisha Andini Putriansyah,2022,62895401010940,"Ira Safitri, S.Si., M.Si., M.Sc.","Linda Rassiyanti, S.Si., M.Si.",,,,Belum Sempro,,"Progres: bimbingan ke bu ira 4 kali, dan Pbb 2 baru 1 kali, data sudah, penulisan sudah sampai bab 3, gambar pipeline belum.  
Next: Bimbingan ke Pbb 1 dan Pbb 2 terkait revisi",,,
122450112,RENDRA EKA PRAYOGA,2022,6282249548133,"Christyan Tamaro Nadeak, S.Si., M.Si.","Yusni Puspha Lestari, S.T., M.Si.","Febri Dwi Irawati, S.Si., M.Si.",,,Sudah Sempro,,"Progres : semhas tgl 16 sep, sks kurang, ngambil sistensi
Next:  Fokus ke menuhin sks, menunggu nilai, revisi semhas",,,
122450113,Aditya Rahman,2022,6281279339049,"Mika Alvionita S, S.Si., M.Si.","Triyana Muliawati, S.Si., M.Si.","Christyan Tamaro Nadeak, S.Si., M.Si.",,,Sudah Sempro,,,,,
122450114,AKMAL FAIZ ABDILLAH,2022,6281278258050,"Ade Lailani, S.Si., M.Si.","Vina Nurmadani, S.Mat., M.Si.","Christyan Tamaro Nadeak, S.Si., M.Si.",,,Sudah Sempro,,"Progres : BAP Sempro sudah, sudah menyerahkan draft TA ke Pembimbing 1
Next : Penulisan BAB 4 ke P1 dan P2",,,
122450115,SMERTNIKI JAVID AHMEDTHIAN,2022,6282133928355,"Ade Lailani, S.Si., M.Si.","Tirta Setiawan, S.Pd., M.Si.",,,,Belum Sempro,,"Progres : Sudah final metode dan data
Next : Draft penulisan BAB 1,2,3",,,
122450117,ANWAR MUSLIM,2022,628978262875,"M. Syamsuddin Wisnubroto, S.Si., M.Si.","Ade Lailani, S.Si., M.Si.","Tirta Setiawan, S.Pd., M.Si.",,,Sudah Sempro,,"Progres : Rapihkan penulisan
Next : Selesaikan penulisan dan BAP Penguji",,,
122450118,MIRZAN YUSUF RABBANI,2022,6281210600595,"Linda Rassiyanti, S.Si., M.Si.","Dimas Dwi Randa, S.Kom., M.Kom.",,,,Belum Sempro,,"Progres : Diskusi terkait metode, uji coba coding dahulu ke pembimbing 1
Next : Bimbingan ke Pembimbing 1 dan Pembimbing 2",,,
122450119,MUHAMMAD ZAKY ZAIDDAN,2022,6285640671491,"Tirta Setiawan, S.Pd., M.Si.","Yustida Bellini, S.Kom., M.Kom.",,,,Belum Sempro,,"Progres : Bimbingan ke Pembimbing 1
Next : Laporan Hasil bimbingan ke Pembimbing 1",,,
122450121,Syalaisha Andina Putriansyah,2022,6289653610768,"Luluk Muthoharoh, S.Si., M.Si.","Ardika Satria, S.Si., M.Si.",,,,Belum Sempro,,"Progres: penulisan sudah sampai bab 3, bimbingan ke Pbb 1 dan 2 > 6 kali,  
Next: ke Pbb 1 dan Pbb 2 memberikan draft final",,,
122450122,AMALIA MELANI PUTRI,2022,6281267862044,"Linda Rassiyanti, S.Si., M.Si.","M. Syamsuddin Wisnubroto, S.Si., M.Si.",,,,Belum Sempro,,"Progres : pemahaman kembali teori ke pembimbing 2
Next : Bimbingan dengan pembimbing 2 serta finalisasi draft sempro",,,
122450124,Virdio Samuel Saragih,2022,6285162967373,"Ira Safitri, S.Si., M.Si., M.Sc.","Ardika Satria, S.Si., M.Si.","Mika Alvionita S, S.Si., M.Si.",,,Sudah Sempro,,"Progres : project Insectera, hasil sudah tinggal penulisan, minggu ini sampai minggu depan masih persentasi, bimbingan pak ardika 3 kali lebih 
Next: senin hubungi llpm untuk presentasi, daftar semhas minggu depan",,,
122450125,Nasywa Nur Afifah,2022,6282210833301,"Yuliana, S.Pd., M.Cs.","Ardika Satria, S.Si., M.Si.",,,,Belum Sempro,,"Progres: sudah pernah mengambil sempro, sudah bimbingan 5 kali ke Pbb 1, ada kendala di pemahaman, ke Pbb 2 baru 1 kali, masih mencari topik
Next: Nentuin topik, cari data, kerangka penelitian",,,
122450129,Vira Putri Maharani,2022,628551058655,"Yustida Bellini, S.Kom., M.Kom.","Rohmi Dyah Astuti, S.Si., M.Cs.",,,,,,"Progres: MK ADS mengulang padahal sudah tidak, besok bimbingan ke Pbb 1, sudah mulai penulisan Bab 1 dan 2
Next: Bimbingan ke Pbb 1",,,
122450130,BASTIAN HESKIA SILABAN,2022,62895633403060,"Linda Rassiyanti, S.Si., M.Si.","Fitri Nurjanah, S.Si., M.Mat.",,,,Belum Sempro,,"Progres : Ambil matkul 5 SKS
Next : Konsultasi jurnal rujukan ke Pembimbing 1",,,
122450131,FAYYAZA AQILA SYAFITRI ACHJAR,2022,6285378810193,"Ade Lailani, S.Si., M.Si.","Fitri Nurjanah, S.Si., M.Mat.",,,,Belum Sempro,,"Progres: sudah ngambil sempro smt sebelumnya, ganti metode di smt ini, bimbingan baru  1 kali  (Pbb 1), metode baru dan data baru jadi rombak total, data sudah ada, penulisan baru bab 1
Next: Finalisasi data dan penulisan bab 1 dan 2",,,
122450132,PARDI OCTAVIANDO,2022,6285173444166,"M. Syamsuddin Wisnubroto, S.Si., M.Si.","Yoga Aji Sukma, S.Mat., M.Stat.",,,,Belum Sempro,,"Progres : Draft SemPro selesaikan
Next : Draft Sempro Selesai",,,
122450133,Dhafin Razaqa Luthfi,2022,6289530824102,"Linda Rassiyanti, S.Si., M.Si.","Indah Suciati, S.Mat., M.Mat.",,,,Belum Sempro,,"Progres : Progres penulisan sempro
Next : Finalisasi jurnal dan BAB 1",,,
122450138,Ahmad Rizqi,2022,6282287754194,"Ade Lailani, S.Si., M.Si.","Dewi Indra Setiawan, S.Si., M.Si.",,,,Belum Sempro,,"Progres : Sudah ACC Sempro
Next : Mengurus Daftar Sempro","Progres : Selesai daftar dan Pemberkasan
Next : Sempro","Progres : Sempro
Next : Laporan Revisi",
122450139,Nabila Zakiyah Zahra,2022,6281540804249,"Linda Rassiyanti, S.Si., M.Si.","Mika Alvionita S, S.Si., M.Si.","Christyan Tamaro Nadeak, S.Si., M.Si.",,,Sudah Sempro,,,,,
122450140,Rafly Prabu Darmawan,2022,6281271328125,"Ade Lailani, S.Si., M.Si.","Luluk Muthoharoh, S.Si., M.Si.",,,,Belum Sempro,,,,,
122450141,Diana Syafithri,2022,6282279912276,"Ade Lailani, S.Si., M.Si.","Fajri Farid, S.Si., M.Sc.","Ira Safitri, S.Si., M.Si., M.Sc.",,,Sudah Sempro,,"Progres : Menyelesaikan coding dan bab 4
Next : BAP Sempro, bimbingan ke pembimbing 1",,,
122450142,Rafa Aqilla Jungjunan,2022,6282173230355,"Christyan Tamaro Nadeak, S.Si., M.Si.","Rian Kurnia, S.Si., M.Si.",,,,Belum Sempro,,,,,
